Date,Open,High,Low,close split,Close splits and dividend,Volume
2020-01-02,74.06,75.15,73.8,75.09,72.54,135480400
2020-01-03,74.29,75.14,74.13,74.36,71.83,146322800
2020-01-06,73.45,74.99,73.19,74.95,72.41,118387200
2020-01-07,74.96,75.22,74.37,74.6,72.07,108872000
2020-01-08,74.29,76.11,74.29,75.8,73.22,132079200
2020-01-09,76.81,77.61,76.55,77.41,74.78,170108400
2020-01-10,77.65,78.17,77.06,77.58,74.95,140644800
2020-01-13,77.91,79.27,77.79,79.24,76.55,121532000
2020-01-14,79.18,79.39,78.04,78.17,75.52,161954400
2020-01-15,77.96,78.88,77.39,77.83,75.19,121923600
2020-01-16,78.4,78.93,78.02,78.81,76.13,108829200
2020-01-17,79.07,79.68,78.75,79.68,76.98,137816400
2020-01-21,79.3,79.75,79.0,79.14,76.46,110843200
2020-01-22,79.64,80.0,79.33,79.43,76.73,101832400
2020-01-23,79.48,79.89,78.91,79.81,77.1,104472000
2020-01-24,80.06,80.83,79.38,79.58,76.88,146537600
2020-01-27,77.51,77.94,76.22,77.24,74.62,161940000
2020-01-28,78.15,79.6,78.05,79.42,76.73,162234000
2020-01-29,81.11,81.96,80.35,81.08,78.33,216229200
2020-01-30,80.14,81.02,79.69,80.97,78.22,126743200
2020-01-31,80.23,80.67,77.07,77.38,74.75,199588400
2020-02-03,76.07,78.37,75.56,77.17,74.55,173788400
2020-02-04,78.83,79.91,78.41,79.71,77.01,136616400
2020-02-05,80.88,81.19,79.74,80.36,77.63,118826800
2020-02-06,80.64,81.31,80.07,81.3,78.54,105425600
2020-02-07,80.59,80.85,79.5,80.01,77.47,117684000
2020-02-10,78.54,80.39,78.46,80.39,77.84,109348800
2020-02-11,80.9,80.97,79.68,79.9,77.37,94323200
2020-02-12,80.37,81.81,80.37,81.8,79.21,113730400
2020-02-13,81.05,81.56,80.84,81.22,78.65,94747600
2020-02-14,81.18,81.5,80.71,81.24,78.67,80113600
2020-02-18,78.84,79.94,78.65,79.75,77.23,152531200
2020-02-19,80.0,81.14,80.0,80.9,78.34,93984000
2020-02-20,80.66,81.16,79.55,80.07,77.54,100566000
2020-02-21,79.65,80.11,77.63,78.26,75.79,129554000
2020-02-24,74.32,76.04,72.31,74.54,72.19,222195200
2020-02-25,75.24,75.63,71.53,72.02,69.74,230673600
2020-02-26,71.63,74.47,71.63,73.16,70.85,198054800
2020-02-27,70.28,71.5,68.24,68.38,66.22,320605600
2020-02-28,64.32,69.6,64.09,68.34,66.18,426510000
2020-03-02,70.57,75.36,69.43,74.7,72.34,341397200
2020-03-03,75.92,76.0,71.45,72.33,70.04,319475600
2020-03-04,74.11,75.85,73.28,75.68,73.29,219178400
2020-03-05,73.88,74.89,72.85,73.23,70.91,187572800
2020-03-06,70.5,72.71,70.31,72.26,69.97,226176800
2020-03-09,65.94,69.52,65.75,66.54,64.44,286744800
2020-03-10,69.29,71.61,67.34,71.33,69.08,285290000
2020-03-11,69.35,70.31,67.96,68.86,66.68,255598800
2020-03-12,63.99,67.5,62.0,62.06,60.09,418474000
2020-03-13,66.22,69.98,63.24,69.49,67.29,370732000
2020-03-16,60.49,64.77,60.0,60.55,58.64,322423600
2020-03-17,61.88,64.4,59.6,63.22,61.21,324056000
2020-03-18,59.94,62.5,59.28,61.67,59.72,300233600
2020-03-19,61.85,63.21,60.65,61.19,59.26,271857200
2020-03-20,61.79,62.96,57.0,57.31,55.5,401693200
2020-03-23,57.02,57.13,53.15,56.09,54.32,336752800
2020-03-24,59.09,61.92,58.58,61.72,59.77,287531200
2020-03-25,62.69,64.56,61.08,61.38,59.44,303602000
2020-03-26,61.63,64.67,61.59,64.61,62.56,252087200
2020-03-27,63.19,63.97,61.76,61.94,59.97,204216800
2020-03-30,62.69,63.88,62.35,63.7,61.69,167976400
2020-03-31,63.9,65.62,63.0,63.57,61.56,197002000
2020-04-01,61.63,62.18,59.78,60.23,58.32,176218400
2020-04-02,60.08,61.29,59.22,61.23,59.29,165934000
2020-04-03,60.7,61.42,59.74,60.35,58.44,129880000
2020-04-06,62.72,65.78,62.35,65.62,63.54,201820400
2020-04-07,67.7,67.93,64.75,64.86,62.8,202887200
2020-04-08,65.68,66.84,65.31,66.52,64.41,168895200
2020-04-09,67.18,67.52,66.18,67.0,64.88,161834800
2020-04-13,67.08,68.43,66.46,68.31,66.15,131022800
2020-04-14,70.0,72.06,69.51,71.76,69.49,194994800
2020-04-15,70.6,71.58,70.16,71.11,68.86,131154400
2020-04-16,71.85,72.05,70.59,71.67,69.4,157125200
2020-04-17,71.17,71.74,69.21,70.7,68.46,215250000
2020-04-20,69.49,70.42,69.21,69.23,67.04,130015200
2020-04-21,69.07,69.31,66.36,67.09,64.97,180991600
2020-04-22,68.4,69.47,68.05,69.03,66.84,116862400
2020-04-23,68.97,70.44,68.72,68.76,66.58,124814400
2020-04-24,69.3,70.75,69.25,70.74,68.5,126161200
2020-04-27,70.45,71.14,69.99,70.79,68.55,117087600
2020-04-28,71.27,71.46,69.55,69.64,67.44,112004800
2020-04-29,71.18,72.42,70.97,71.93,69.66,137280800
2020-04-30,72.49,73.63,72.09,73.45,71.13,183064000
2020-05-01,71.56,74.75,71.46,72.27,69.98,240616800
2020-05-04,72.29,73.42,71.58,73.29,70.97,133568000
2020-05-05,73.76,75.25,73.61,74.39,72.04,147751200
2020-05-06,75.11,75.81,74.72,75.16,72.78,142333600
2020-05-07,75.81,76.29,75.49,75.93,73.53,115215200
2020-05-08,76.41,77.59,76.07,77.53,75.28,133838400
2020-05-11,77.03,79.26,76.81,78.75,76.47,145946400
2020-05-12,79.46,79.92,77.73,77.85,75.59,162301200
2020-05-13,78.04,78.99,75.8,76.91,74.68,200622400
2020-05-14,76.13,77.45,75.38,77.39,75.14,158929200
2020-05-15,75.09,76.97,75.05,76.93,74.69,166348400
2020-05-18,78.29,79.13,77.58,78.74,76.45,135178400
2020-05-19,78.76,79.63,78.25,78.29,76.01,101729600
2020-05-20,79.17,79.88,79.13,79.81,77.49,111504800
2020-05-21,79.67,80.22,78.97,79.21,76.91,102688800
2020-05-22,78.94,79.81,78.84,79.72,77.41,81803200
2020-05-26,80.88,81.06,79.13,79.18,76.88,125522000
2020-05-27,79.04,79.68,78.27,79.53,77.22,112945200
2020-05-28,79.19,80.86,78.91,79.56,77.25,133560800
2020-05-29,79.81,80.29,79.12,79.49,77.18,153532400
2020-06-01,79.44,80.59,79.3,80.46,78.13,80791200
2020-06-02,80.19,80.86,79.73,80.83,78.49,87642800
2020-06-03,81.17,81.55,80.57,81.28,78.92,104491200
2020-06-04,81.1,81.4,80.19,80.58,78.24,87560400
2020-06-05,80.84,82.94,80.81,82.88,80.47,137250400
2020-06-08,82.56,83.4,81.83,83.36,80.94,95654400
2020-06-09,83.04,86.4,83.0,86.0,83.5,147712400
2020-06-10,86.97,88.69,86.52,88.21,85.65,166651600
2020-06-11,87.33,87.76,83.87,83.97,81.54,201662400
2020-06-12,86.18,86.95,83.56,84.7,82.24,200146000
2020-06-15,83.31,86.42,83.14,85.75,83.26,138808800
2020-06-16,87.86,88.3,86.18,88.02,85.46,165428800
2020-06-17,88.79,88.85,87.77,87.9,85.35,114406400
2020-06-18,87.85,88.36,87.31,87.93,85.38,96820400
2020-06-19,88.66,89.14,86.29,87.43,84.89,264476000
2020-06-22,87.83,89.86,87.79,89.72,87.11,135445200
2020-06-23,91.0,93.1,90.57,91.63,88.97,212155600
2020-06-24,91.25,92.2,89.63,90.01,87.4,192623200
2020-06-25,90.18,91.25,89.39,91.21,88.56,137522400
2020-06-26,91.1,91.33,88.25,88.41,85.84,205256800
2020-06-29,88.31,90.54,87.82,90.44,87.82,130646000
2020-06-30,90.02,91.5,90.0,91.2,88.55,140223200
2020-07-01,91.28,91.84,90.98,91.03,88.38,110737200
2020-07-02,91.96,92.62,90.91,91.03,88.38,114041600
2020-07-06,92.5,93.94,92.47,93.46,90.75,118655600
2020-07-07,93.85,94.65,93.06,93.17,90.47,112424400
2020-07-08,94.18,95.38,94.09,95.34,92.57,117092000
2020-07-09,96.26,96.32,94.67,95.75,92.97,125642800
2020-07-10,95.33,95.98,94.71,95.92,93.14,90257200
2020-07-13,97.26,99.96,95.26,95.48,92.71,191649200
2020-07-14,94.84,97.25,93.88,97.06,94.24,170989200
2020-07-15,98.99,99.25,96.49,97.72,94.89,153198000
2020-07-16,96.56,97.4,95.9,96.52,93.72,110577600
2020-07-17,96.99,97.15,95.84,96.33,93.53,92186800
2020-07-20,96.42,98.5,96.06,98.36,95.5,90318000
2020-07-21,99.17,99.25,96.74,97.0,94.18,103433200
2020-07-22,96.69,97.97,96.6,97.27,94.45,89001600
2020-07-23,97.0,97.08,92.01,92.85,90.15,197004400
2020-07-24,90.99,92.97,89.14,92.61,89.93,185438800
2020-07-27,93.71,94.9,93.48,94.81,92.06,121214000
2020-07-28,94.37,94.55,93.25,93.25,90.55,103625600
2020-07-29,93.75,95.23,93.71,95.04,92.28,90329200
2020-07-30,94.19,96.3,93.77,96.19,93.4,158130000
2020-07-31,102.89,106.42,100.82,106.26,103.17,374336800
2020-08-03,108.2,111.64,107.89,108.94,105.77,308151200
2020-08-04,109.13,110.79,108.39,109.67,106.48,173071600
2020-08-05,109.38,110.39,108.9,110.06,106.87,121776800
2020-08-06,110.4,114.41,109.8,113.9,110.6,202428800
2020-08-07,113.21,113.68,110.29,111.11,108.08,198045600
2020-08-10,112.6,113.78,110.0,112.73,109.65,212403600
2020-08-11,111.97,112.48,109.11,109.38,106.39,187902400
2020-08-12,110.5,113.28,110.3,113.01,109.93,165598000
2020-08-13,114.43,116.04,113.93,115.01,111.87,210082000
2020-08-14,114.83,115.0,113.04,114.91,111.77,165565200
2020-08-17,116.06,116.09,113.96,114.61,111.48,119561600
2020-08-18,114.35,116.0,114.01,115.56,112.41,105633600
2020-08-19,115.98,117.16,115.61,115.71,112.55,145538000
2020-08-20,115.75,118.39,115.73,118.28,115.05,126907200
2020-08-21,119.26,124.87,119.25,124.37,120.98,338054800
2020-08-24,128.7,128.79,123.94,125.86,122.42,345937600
2020-08-25,124.7,125.18,123.05,124.82,121.42,211495600
2020-08-26,126.18,126.99,125.08,126.52,123.07,163022400
2020-08-27,127.14,127.49,123.83,125.01,121.6,155552400
2020-08-28,126.01,126.44,124.58,124.81,121.4,187630000
2020-08-31,127.58,131.0,126.0,129.04,125.52,225702700
2020-09-01,132.76,134.8,130.53,134.18,130.52,151948100
2020-09-02,137.59,137.98,127.0,131.4,127.82,200119000
2020-09-03,126.91,128.84,120.5,120.88,117.58,257599600
2020-09-04,120.07,123.7,110.89,120.96,117.66,332607200
2020-09-08,113.95,118.99,112.68,112.82,109.74,231366600
2020-09-09,117.26,119.14,115.26,117.32,114.12,176940500
2020-09-10,120.36,120.5,112.5,113.49,110.39,182274400
2020-09-11,114.57,115.23,110.0,112.0,108.94,180860300
2020-09-14,114.72,115.93,112.8,115.36,112.21,140150100
2020-09-15,118.33,118.83,113.61,115.54,112.39,184642000
2020-09-16,115.23,116.0,112.04,112.13,109.07,154679000
2020-09-17,109.72,112.2,108.71,110.34,107.33,178011000
2020-09-18,110.4,110.88,106.09,106.84,103.93,287104900
2020-09-21,104.54,110.19,103.1,110.08,107.08,195713800
2020-09-22,112.68,112.86,109.16,111.81,108.76,183055400
2020-09-23,111.62,112.11,106.77,107.12,104.2,150718700
2020-09-24,105.17,110.25,105.0,108.22,105.27,167743300
2020-09-25,108.43,112.44,107.67,112.28,109.22,149981400
2020-09-28,115.01,115.32,112.78,114.96,111.82,137672400
2020-09-29,114.55,115.31,113.57,114.09,110.98,99382200
2020-09-30,113.79,117.26,113.62,115.81,112.65,142675200
2020-10-01,117.64,117.72,115.83,116.79,113.6,116120400
2020-10-02,112.89,115.37,112.22,113.02,109.94,144712000
2020-10-05,113.91,116.65,113.55,116.5,113.32,106243800
2020-10-06,115.7,116.12,112.25,113.16,110.07,161498200
2020-10-07,114.62,115.55,114.13,115.08,111.94,96849000
2020-10-08,116.25,116.4,114.59,114.97,111.83,83477200
2020-10-09,115.28,117.0,114.92,116.97,113.78,100506900
2020-10-12,120.06,125.18,119.28,124.4,121.01,240226800
2020-10-13,125.27,125.39,119.65,121.1,117.8,262330500
2020-10-14,121.0,123.03,119.62,121.19,117.88,150712000
2020-10-15,118.72,121.2,118.15,120.71,117.42,112559200
2020-10-16,121.28,121.55,118.81,119.02,115.77,115393800
2020-10-19,119.96,120.42,115.66,115.98,112.82,120639300
2020-10-20,116.2,118.98,115.63,117.51,114.3,124423700
2020-10-21,116.67,118.71,116.45,116.87,113.68,89946000
2020-10-22,117.45,118.04,114.59,115.75,112.59,101988000
2020-10-23,116.39,116.55,114.28,115.04,111.9,82572600
2020-10-26,114.01,116.55,112.88,115.05,111.91,111850700
2020-10-27,115.49,117.28,114.54,116.6,113.42,92276800
2020-10-28,115.05,115.43,111.1,111.2,108.17,143937800
2020-10-29,112.37,116.93,112.2,115.32,112.17,146129200
2020-10-30,111.06,111.99,107.72,108.86,105.89,190272600
2020-11-02,109.11,110.68,107.32,108.77,105.8,122866900
2020-11-03,109.66,111.49,108.73,110.44,107.43,107624400
2020-11-04,114.14,115.59,112.35,114.95,111.81,138235500
2020-11-05,117.95,119.62,116.87,119.03,115.78,126387100
2020-11-06,118.32,119.2,116.13,118.69,115.65,114457900
2020-11-09,120.5,121.99,116.05,116.32,113.34,154515300
2020-11-10,115.55,117.59,114.13,115.97,113.0,138023400
2020-11-11,117.19,119.63,116.44,119.49,116.43,112295000
2020-11-12,119.62,120.53,118.57,119.21,116.16,103162300
2020-11-13,119.44,119.67,117.87,119.26,116.21,81581900
2020-11-16,118.92,120.99,118.15,120.3,117.22,91183000
2020-11-17,119.55,120.67,118.96,119.39,116.33,74271000
2020-11-18,118.61,119.82,118.0,118.03,115.01,76322100
2020-11-19,117.59,119.06,116.81,118.64,115.6,74113000
2020-11-20,118.64,118.77,117.29,117.34,114.34,73604300
2020-11-23,117.18,117.62,113.75,113.85,110.93,127959300
2020-11-24,113.91,115.85,112.59,115.17,112.22,113874200
2020-11-25,115.55,116.75,115.17,116.03,113.06,76499200
2020-11-27,116.57,117.49,116.22,116.59,113.6,46691300
2020-11-30,116.97,120.97,116.81,119.05,116.0,169410200
2020-12-01,121.01,123.47,120.01,122.72,119.58,127728200
2020-12-02,122.02,123.37,120.89,123.08,119.93,89004200
2020-12-03,123.52,123.78,122.21,122.94,119.79,78967600
2020-12-04,122.6,122.86,121.52,122.25,119.12,78260400
2020-12-07,122.31,124.57,122.25,123.75,120.58,86712000
2020-12-08,124.37,124.98,123.09,124.38,121.2,82225500
2020-12-09,124.53,125.95,121.0,121.78,118.66,115089200
2020-12-10,120.5,123.87,120.15,123.24,120.08,81312200
2020-12-11,122.43,122.76,120.55,122.41,119.28,86939800
2020-12-14,122.6,123.35,121.54,121.78,118.66,79184500
2020-12-15,124.34,127.9,124.13,127.88,124.61,157243700
2020-12-16,127.41,128.37,126.56,127.81,124.54,98208600
2020-12-17,128.9,129.58,128.04,128.7,125.4,94359800
2020-12-18,128.96,129.1,126.12,126.66,123.42,192541500
2020-12-21,125.02,128.31,123.45,128.23,124.95,121251600
2020-12-22,131.61,134.41,129.65,131.88,128.5,168904800
2020-12-23,132.16,132.43,130.78,130.96,127.61,88223700
2020-12-24,131.32,133.46,131.1,131.97,128.59,54930100
2020-12-28,133.99,137.34,133.51,136.69,133.19,124486200
2020-12-29,138.05,138.79,134.34,134.87,131.42,121047300
2020-12-30,135.58,135.99,133.4,133.72,130.3,96452100
2020-12-31,134.08,134.74,131.72,132.69,129.29,99116600
2021-01-04,133.52,133.61,126.76,129.41,126.1,143301900
2021-01-05,128.89,131.74,128.43,131.01,127.66,97664900
2021-01-06,127.72,131.05,126.38,126.6,123.36,155088000
2021-01-07,128.36,131.63,127.86,130.92,127.57,109578200
2021-01-08,132.43,132.63,130.23,132.05,128.67,105158200
2021-01-11,129.19,130.17,128.5,128.98,125.68,100384500
2021-01-12,128.5,129.69,126.86,128.8,125.5,91951100
2021-01-13,128.76,131.45,128.49,130.89,127.54,88636800
2021-01-14,130.8,131.0,128.76,128.91,125.61,90221800
2021-01-15,128.78,130.22,127.0,127.14,123.88,111598500
2021-01-19,127.78,128.71,126.94,127.83,124.56,90757300
2021-01-20,128.66,132.49,128.55,132.03,128.65,104319500
2021-01-21,133.8,139.67,133.59,136.87,133.37,120150900
2021-01-22,136.28,139.85,135.02,139.07,135.51,114459400
2021-01-25,143.07,145.09,136.54,142.92,139.26,157611700
2021-01-26,143.6,144.3,141.37,143.16,139.49,98390600
2021-01-27,143.43,144.3,140.41,142.06,138.42,140843800
2021-01-28,139.52,141.99,136.7,137.09,133.58,142621100
2021-01-29,135.83,136.74,130.21,131.96,128.58,177523800
2021-02-01,133.75,135.38,130.93,134.14,130.71,106239800
2021-02-02,135.73,136.31,134.61,134.99,131.53,83305400
2021-02-03,135.76,135.77,133.61,133.94,130.51,89880900
2021-02-04,136.3,137.4,134.59,137.39,133.87,84183100
2021-02-05,137.35,137.42,135.86,136.76,133.46,75693800
2021-02-08,136.03,136.96,134.92,136.91,133.6,71297200
2021-02-09,136.62,137.88,135.85,136.01,132.73,76774200
2021-02-10,136.48,136.99,134.4,135.39,132.12,73046600
2021-02-11,135.9,136.39,133.77,135.13,131.87,64280000
2021-02-12,134.35,135.53,133.69,135.37,132.1,60145100
2021-02-16,135.49,136.01,132.79,133.19,129.97,80576300
2021-02-17,131.25,132.22,129.47,130.84,127.68,97918500
2021-02-18,129.2,130.0,127.41,129.71,126.58,96856700
2021-02-19,130.24,130.71,128.8,129.87,126.73,87668800
2021-02-22,128.01,129.72,125.6,126.0,122.96,103916400
2021-02-23,123.76,126.71,118.39,125.86,122.82,158273000
2021-02-24,124.94,125.56,122.23,125.35,122.32,111039900
2021-02-25,124.68,126.46,120.54,120.99,118.07,148199500
2021-02-26,122.59,124.85,121.2,121.26,118.33,164560400
2021-03-01,123.75,127.93,122.79,127.79,124.7,116307900
2021-03-02,128.41,128.72,125.01,125.12,122.1,102260900
2021-03-03,124.81,125.71,121.84,122.06,119.11,112966300
2021-03-04,121.75,123.6,118.62,120.13,117.23,178155000
2021-03-05,120.98,121.94,117.57,121.42,118.49,153766600
2021-03-08,120.93,121.0,116.21,116.36,113.55,154376600
2021-03-09,119.03,122.06,118.79,121.09,118.17,129525800
2021-03-10,121.69,122.17,119.45,119.98,117.08,111943300
2021-03-11,122.54,123.21,121.26,121.96,119.01,103026500
2021-03-12,120.4,121.17,119.16,121.03,118.11,88105100
2021-03-15,121.41,124.0,120.42,123.99,121.0,92403800
2021-03-16,125.7,127.22,124.72,125.57,122.54,115227900
2021-03-17,124.05,125.86,122.34,124.76,121.75,111932600
2021-03-18,122.88,123.18,120.32,120.53,117.62,121229700
2021-03-19,119.9,121.43,119.68,119.99,117.09,185549500
2021-03-22,120.33,123.87,120.26,123.39,120.41,111912300
2021-03-23,123.33,124.24,122.14,122.54,119.58,95467100
2021-03-24,122.82,122.9,120.07,120.09,117.19,88530500
2021-03-25,119.54,121.66,119.0,120.59,117.68,98844700
2021-03-26,120.35,121.48,118.92,121.21,118.28,94071200
2021-03-29,121.65,122.58,120.73,121.39,118.46,80819200
2021-03-30,120.11,120.4,118.86,119.9,117.0,85671900
2021-03-31,121.65,123.52,121.15,122.15,119.2,118323800
2021-04-01,123.66,124.18,122.49,123.0,120.03,75089100
2021-04-05,123.87,126.16,123.07,125.9,122.86,88651200
2021-04-06,126.5,127.13,125.65,126.21,123.16,80171300
2021-04-07,125.83,127.92,125.14,127.9,124.81,83466700
2021-04-08,128.95,130.39,128.52,130.36,127.21,88844600
2021-04-09,129.8,133.04,129.47,133.0,129.79,106686700
2021-04-12,132.52,132.85,130.63,131.24,128.07,91420000
2021-04-13,132.44,134.66,131.93,134.43,131.18,91266500
2021-04-14,134.94,135.0,131.66,132.03,128.84,87222800
2021-04-15,133.82,135.0,133.64,134.5,131.25,89347100
2021-04-16,134.3,134.67,133.28,134.16,130.92,84922400
2021-04-19,133.51,135.47,133.34,134.84,131.58,94264200
2021-04-20,135.02,135.53,131.81,133.11,129.9,94812300
2021-04-21,132.36,133.75,131.3,133.5,130.28,68847100
2021-04-22,133.04,134.15,131.41,131.94,128.75,84566500
2021-04-23,132.16,135.12,132.16,134.32,131.08,78657500
2021-04-26,134.83,135.06,133.56,134.72,131.47,66905100
2021-04-27,135.01,135.41,134.11,134.39,131.14,66015800
2021-04-28,134.31,135.02,133.08,133.58,130.35,107760100
2021-04-29,136.47,137.07,132.45,133.48,130.26,151101000
2021-04-30,131.78,133.56,131.07,131.46,128.29,109839500
2021-05-03,132.04,134.07,131.83,132.54,129.34,75135100
2021-05-04,131.19,131.49,126.7,127.85,124.76,137564700
2021-05-05,129.2,130.45,127.97,128.1,125.01,84000900
2021-05-06,127.89,129.75,127.13,129.74,126.61,78128300
2021-05-07,130.85,131.26,129.48,130.21,127.28,78973300
2021-05-10,129.41,129.54,126.81,126.85,124.0,88071200
2021-05-11,123.5,126.27,122.77,125.91,123.08,126142800
2021-05-12,123.4,124.64,122.25,122.77,120.01,112172300
2021-05-13,124.58,126.15,124.26,124.97,122.16,105861300
2021-05-14,126.25,127.89,125.85,127.45,124.58,81918000
2021-05-17,126.82,126.93,125.17,126.27,123.43,74244600
2021-05-18,126.56,126.99,124.78,124.85,122.04,63342900
2021-05-19,123.16,124.92,122.86,124.69,121.89,92612000
2021-05-20,125.23,127.72,125.1,127.31,124.45,76857100
2021-05-21,127.82,128.0,125.21,125.43,122.61,79295400
2021-05-24,126.01,127.94,125.94,127.1,124.24,63092900
2021-05-25,127.82,128.32,126.32,126.9,124.05,72009500
2021-05-26,126.96,127.39,126.42,126.85,124.0,56575900
2021-05-27,126.44,127.64,125.08,125.28,122.46,94625600
2021-05-28,125.57,125.8,124.55,124.61,121.81,71311100
2021-06-01,125.08,125.35,123.94,124.28,121.48,67637100
2021-06-02,124.28,125.24,124.05,125.06,122.25,59278900
2021-06-03,124.68,124.85,123.13,123.54,120.76,76229200
2021-06-04,124.07,126.16,123.85,125.89,123.06,75169300
2021-06-07,126.17,126.32,124.83,125.9,123.07,71057600
2021-06-08,126.6,128.46,126.21,126.74,123.89,74403800
2021-06-09,127.21,127.75,126.52,127.13,124.27,56877900
2021-06-10,127.02,128.19,125.94,126.11,123.27,71186400
2021-06-11,126.53,127.44,126.1,127.35,124.49,53522400
2021-06-14,127.82,130.54,127.07,130.48,127.55,96906500
2021-06-15,129.94,130.6,129.39,129.64,126.72,62746300
2021-06-16,130.37,130.89,128.46,130.15,127.22,91815000
2021-06-17,129.8,132.55,129.65,131.79,128.83,96721700
2021-06-18,130.71,131.51,130.24,130.46,127.53,108953300
2021-06-21,130.3,132.41,129.21,132.3,129.32,79663300
2021-06-22,132.13,134.08,131.62,133.98,130.97,74783600
2021-06-23,133.77,134.32,133.23,133.7,130.69,60214200
2021-06-24,134.45,134.64,132.93,133.41,130.41,68711000
2021-06-25,133.46,133.89,132.81,133.11,130.12,70783700
2021-06-28,133.41,135.25,133.35,134.78,131.75,62111300
2021-06-29,134.8,136.49,134.35,136.33,133.26,64556100
2021-06-30,136.17,137.41,135.87,136.96,133.88,63261400
2021-07-01,136.6,137.33,135.76,137.27,134.18,52485800
2021-07-02,137.9,140.0,137.75,139.96,136.81,78852600
2021-07-06,140.07,143.15,140.07,142.02,138.83,108181800
2021-07-07,143.54,144.89,142.66,144.57,141.32,104911600
2021-07-08,141.58,144.06,140.67,143.24,140.02,105575500
2021-07-09,142.75,145.65,142.65,145.11,141.85,99890800
2021-07-12,146.21,146.32,144.0,144.5,141.25,76299700
2021-07-13,144.03,147.46,143.63,145.64,142.36,100827100
2021-07-14,148.1,149.57,147.68,149.15,145.8,127050800
2021-07-15,149.24,150.0,147.09,148.48,145.14,106820300
2021-07-16,148.46,149.76,145.88,146.39,143.1,93251400
2021-07-19,143.75,144.07,141.67,142.45,139.25,121434600
2021-07-20,143.46,147.1,142.96,146.15,142.86,96350000
2021-07-21,145.53,146.13,144.63,145.4,142.13,74993500
2021-07-22,145.94,148.2,145.81,146.8,143.5,77338200
2021-07-23,147.55,148.72,146.92,148.56,145.22,71447400
2021-07-26,148.27,149.83,147.7,148.99,145.64,72434100
2021-07-27,149.12,149.21,145.55,146.77,143.47,104818600
2021-07-28,144.81,146.97,142.54,144.98,141.72,118931200
2021-07-29,144.69,146.55,144.58,145.64,142.36,56699500
2021-07-30,144.38,146.33,144.11,145.86,142.58,70440600
2021-08-02,146.36,146.95,145.25,145.52,142.25,62880000
2021-08-03,145.81,148.04,145.18,147.36,144.05,64786600
2021-08-04,147.27,147.79,146.28,146.95,143.65,56368300
2021-08-05,146.98,147.84,146.17,147.06,143.75,46397700
2021-08-06,146.35,147.11,145.63,146.14,143.07,54126800
2021-08-09,146.2,146.7,145.52,146.09,143.02,48908700
2021-08-10,146.44,147.71,145.3,145.6,142.54,69023100
2021-08-11,146.05,146.72,145.53,145.86,142.79,48493500
2021-08-12,146.19,149.05,145.84,148.89,145.76,72282600
2021-08-13,148.97,149.44,148.27,149.1,145.97,59375000
2021-08-16,148.54,151.19,146.47,151.12,147.94,103296000
2021-08-17,150.23,151.68,149.09,150.19,147.03,92229700
2021-08-18,149.8,150.72,146.15,146.36,143.28,86326000
2021-08-19,145.03,148.0,144.5,146.7,143.62,86960300
2021-08-20,147.44,148.5,146.78,148.19,145.07,60549600
2021-08-23,148.31,150.19,147.89,149.71,146.56,60131800
2021-08-24,149.45,150.86,149.15,149.62,146.47,48606400
2021-08-25,149.81,150.32,147.8,148.36,145.24,58991300
2021-08-26,148.35,149.12,147.51,147.54,144.44,48597200
2021-08-27,147.48,148.75,146.83,148.6,145.48,55802400
2021-08-30,149.0,153.49,148.61,153.12,149.9,90956700
2021-08-31,152.66,152.8,151.29,151.83,148.64,86453100
2021-09-01,152.83,154.98,152.34,152.51,149.3,80313700
2021-09-02,153.87,154.72,152.4,153.65,150.42,71115500
2021-09-03,153.76,154.63,153.09,154.3,151.06,57808700
2021-09-07,154.97,157.26,154.39,156.69,153.4,82278300
2021-09-08,156.98,157.04,153.98,155.11,151.85,74420200
2021-09-09,155.49,156.11,153.95,154.07,150.83,57305700
2021-09-10,155.0,155.48,148.7,148.97,145.84,140893200
2021-09-13,150.63,151.42,148.75,149.55,146.41,102404300
2021-09-14,150.35,151.07,146.91,148.12,145.01,109296300
2021-09-15,148.56,149.44,146.37,149.03,145.9,83281300
2021-09-16,148.44,148.97,147.22,148.79,145.66,68034100
2021-09-17,148.82,148.82,145.76,146.06,142.99,129868800
2021-09-20,143.8,144.84,141.27,142.94,139.93,123478900
2021-09-21,143.93,144.6,142.78,143.43,140.41,75834000
2021-09-22,144.45,146.43,143.7,145.85,142.78,76404300
2021-09-23,146.65,147.08,145.64,146.83,143.74,64838200
2021-09-24,145.66,147.47,145.56,146.92,143.83,53477900
2021-09-27,145.47,145.96,143.82,145.37,142.31,74150700
2021-09-28,143.25,144.75,141.69,141.91,138.93,108972300
2021-09-29,142.47,144.45,142.03,142.83,139.83,74602000
2021-09-30,143.66,144.38,141.28,141.5,138.52,89056700
2021-10-01,141.9,142.92,139.11,142.65,139.65,94639600
2021-10-04,141.76,142.21,138.27,139.14,136.21,98322000
2021-10-05,139.49,142.24,139.36,141.11,138.14,80861100
2021-10-06,139.47,142.15,138.37,142.0,139.01,83221100
2021-10-07,143.06,144.22,142.72,143.29,140.28,61732700
2021-10-08,144.03,144.18,142.56,142.9,139.9,58773200
2021-10-11,142.27,144.81,141.81,142.81,139.81,64452200
2021-10-12,143.23,143.25,141.04,141.51,138.53,73035900
2021-10-13,141.24,141.4,139.2,140.91,137.95,78762700
2021-10-14,142.11,143.88,141.51,143.76,140.74,69907100
2021-10-15,143.77,144.9,143.51,144.84,141.79,67940300
2021-10-18,143.45,146.84,143.16,146.55,143.47,85589200
2021-10-19,147.01,149.17,146.55,148.76,145.63,76378900
2021-10-20,148.7,149.75,148.12,149.26,146.12,58418800
2021-10-21,148.81,149.64,147.87,149.48,146.34,61421000
2021-10-22,149.69,150.18,148.64,148.69,145.56,58883400
2021-10-25,148.68,149.37,147.62,148.64,145.51,50720600
2021-10-26,149.33,150.84,149.01,149.32,146.18,60893400
2021-10-27,149.36,149.73,148.49,148.85,145.72,56094900
2021-10-28,149.82,153.17,149.72,152.57,149.36,100077900
2021-10-29,147.22,149.94,146.41,149.8,146.65,124953200
2021-11-01,148.99,149.7,147.8,148.96,145.83,74588300
2021-11-02,148.66,151.57,148.65,150.02,146.87,69122000
2021-11-03,150.39,151.97,149.82,151.49,148.3,54511500
2021-11-04,151.58,152.43,150.64,150.96,147.79,60394600
2021-11-05,151.89,152.2,150.06,151.28,148.32,65463900
2021-11-08,151.41,151.57,150.16,150.44,147.49,55020900
2021-11-09,150.2,151.43,150.06,150.81,147.85,56787900
2021-11-10,150.02,150.13,147.85,147.92,145.02,65187100
2021-11-11,148.96,149.43,147.68,147.87,144.97,41000000
2021-11-12,148.43,150.4,147.48,149.99,147.05,63804000
2021-11-15,150.37,151.88,149.43,150.0,147.06,59222800
2021-11-16,149.94,151.49,149.34,151.0,148.04,59256200
2021-11-17,151.0,155.0,150.99,153.49,150.48,88807000
2021-11-18,153.71,158.67,153.05,157.87,154.78,137827700
2021-11-19,157.65,161.02,156.53,160.55,157.4,117305600
2021-11-22,161.68,165.7,161.0,161.02,157.86,117467900
2021-11-23,161.12,161.8,159.06,161.41,158.25,96041900
2021-11-24,160.75,162.14,159.64,161.94,158.77,69463600
2021-11-26,159.57,160.45,156.36,156.81,153.74,76959800
2021-11-29,159.37,161.19,158.79,160.24,157.1,88748200
2021-11-30,159.99,165.52,159.92,165.3,162.06,174048100
2021-12-01,167.48,170.3,164.53,164.77,161.54,152052500
2021-12-02,158.74,164.2,157.8,163.76,160.55,136739200
2021-12-03,164.02,164.96,159.72,161.84,158.67,118023100
2021-12-06,164.29,167.88,164.28,165.32,162.08,107497000
2021-12-07,169.08,171.58,168.34,171.18,167.83,120405400
2021-12-08,172.13,175.96,170.7,175.08,171.65,116998900
2021-12-09,174.91,176.75,173.92,174.56,171.14,108923700
2021-12-10,175.21,179.63,174.69,179.45,175.93,115402700
2021-12-13,181.12,182.13,175.53,175.74,172.3,153237000
2021-12-14,175.25,177.74,172.21,174.33,170.91,139380400
2021-12-15,175.11,179.5,172.31,179.3,175.79,131063300
2021-12-16,179.28,181.14,170.75,172.26,168.88,150185800
2021-12-17,169.93,173.47,169.69,171.14,167.79,195432700
2021-12-20,168.28,170.58,167.46,169.75,166.42,107499100
2021-12-21,171.56,173.2,169.12,172.99,169.6,91185900
2021-12-22,173.04,175.86,172.15,175.64,172.2,92135300
2021-12-23,175.85,176.85,175.27,176.28,172.83,68356600
2021-12-27,177.09,180.42,177.07,180.33,176.8,74919600
2021-12-28,180.16,181.33,178.53,179.29,175.78,79144300
2021-12-29,179.33,180.63,178.14,179.38,175.86,62348900
2021-12-30,179.47,180.57,178.09,178.2,174.71,59773000
2021-12-31,178.09,179.23,177.26,177.57,174.09,64062300
2022-01-03,177.83,182.88,177.71,182.01,178.44,104487900
2022-01-04,182.63,182.94,179.12,179.7,176.18,99310400
2022-01-05,179.61,180.17,174.64,174.92,171.49,94537600
2022-01-06,172.7,175.3,171.64,172.0,168.63,96904000
2022-01-07,172.89,174.14,171.03,172.17,168.8,86709100
2022-01-10,169.08,172.5,168.17,172.19,168.82,106765600
2022-01-11,172.32,175.18,170.82,175.08,171.65,76138300
2022-01-12,176.12,177.18,174.82,175.53,172.09,74805200
2022-01-13,175.78,176.62,171.79,172.19,168.82,84505800
2022-01-14,171.34,173.78,171.09,173.07,169.68,80440800
2022-01-18,171.51,172.54,169.41,169.8,166.47,90956700
2022-01-19,170.0,171.08,165.94,166.23,162.97,94815000
2022-01-20,166.98,169.68,164.18,164.51,161.29,91420500
2022-01-21,164.42,166.33,162.3,162.41,159.23,122848900
2022-01-24,160.02,162.3,154.7,161.62,158.45,162294600
2022-01-25,158.98,162.76,157.02,159.78,156.65,115798400
2022-01-26,163.5,164.39,157.82,159.69,156.56,108275300
2022-01-27,162.45,163.84,158.28,159.22,156.1,121954600
2022-01-28,165.71,170.35,162.8,170.33,166.99,179935700
2022-01-31,170.16,175.0,169.51,174.78,171.35,115541600
2022-02-01,174.01,174.84,172.31,174.61,171.19,86213900
2022-02-02,174.75,175.88,173.33,175.84,172.39,84914300
2022-02-03,174.48,176.24,172.12,172.9,169.51,89418100
2022-02-04,171.68,174.1,170.68,172.39,169.23,82465400
2022-02-07,172.86,173.95,170.95,171.66,168.51,77251200
2022-02-08,171.73,175.35,171.43,174.83,171.62,74829200
2022-02-09,176.05,176.65,174.9,176.28,173.05,71285000
2022-02-10,174.14,175.48,171.55,172.12,168.96,90865900
2022-02-11,172.33,173.08,168.04,168.64,165.55,98670700
2022-02-14,167.37,169.58,166.56,168.88,165.78,86185500
2022-02-15,170.97,172.95,170.25,172.79,169.62,62527400
2022-02-16,171.85,173.34,170.05,172.55,169.38,61177400
2022-02-17,171.03,171.91,168.47,168.88,165.78,69589300
2022-02-18,169.82,170.54,166.19,167.3,164.23,82772700
2022-02-22,164.98,166.69,162.15,164.32,161.31,91162800
2022-02-23,165.54,166.15,159.75,160.07,157.13,90009200
2022-02-24,152.58,162.85,152.0,162.74,159.75,141147500
2022-02-25,163.84,165.12,160.87,164.85,161.83,91974200
2022-02-28,163.06,165.42,162.43,165.12,162.09,95056600
2022-03-01,164.7,166.6,161.97,163.2,160.21,83474400
2022-03-02,164.39,167.36,162.95,166.56,163.5,79724800
2022-03-03,168.47,168.91,165.55,166.23,163.18,76678400
2022-03-04,164.49,165.55,162.1,163.17,160.18,83737200
2022-03-07,163.36,165.02,159.04,159.3,156.38,96418800
2022-03-08,158.82,162.88,155.8,157.44,154.55,131148300
2022-03-09,161.48,163.41,159.41,162.95,159.96,91454900
2022-03-10,160.2,160.39,155.98,158.52,155.61,105342000
2022-03-11,158.93,159.28,154.5,154.73,151.89,96970100
2022-03-14,151.45,154.12,150.1,150.62,147.86,108732100
2022-03-15,150.9,155.57,150.38,155.09,152.24,92964300
2022-03-16,157.05,160.0,154.46,159.59,156.66,102300200
2022-03-17,158.61,161.0,157.63,160.62,157.67,75615400
2022-03-18,160.51,164.48,159.76,163.98,160.97,123511700
2022-03-21,163.51,166.35,163.01,165.38,162.35,95811400
2022-03-22,165.51,169.42,164.91,168.82,165.72,81532000
2022-03-23,167.99,172.64,167.65,170.21,167.09,98062700
2022-03-24,171.06,174.14,170.21,174.07,170.88,90131400
2022-03-25,173.88,175.28,172.75,174.72,171.51,80546200
2022-03-28,172.17,175.73,172.0,175.6,172.38,90371900
2022-03-29,176.69,179.01,176.34,178.96,175.68,100589400
2022-03-30,178.55,179.61,176.7,177.77,174.51,92633200
2022-03-31,177.84,178.03,174.4,174.61,171.41,103049300
2022-04-01,174.03,174.88,171.94,174.31,171.11,78751300
2022-04-04,174.57,178.49,174.44,178.44,175.17,76468400
2022-04-05,177.5,178.3,174.42,175.06,171.85,73401800
2022-04-06,172.36,173.63,170.13,171.83,168.68,89058800
2022-04-07,171.16,173.36,169.85,172.14,168.98,77594700
2022-04-08,171.78,171.78,169.2,170.09,166.97,76575500
2022-04-11,168.71,169.03,165.5,165.75,162.71,72246700
2022-04-12,168.02,169.87,166.64,167.66,164.58,79265200
2022-04-13,167.39,171.04,166.77,170.4,167.27,70618900
2022-04-14,170.62,171.27,165.04,165.29,162.26,75329400
2022-04-18,163.92,166.6,163.57,165.07,162.04,69023900
2022-04-19,165.02,167.82,163.91,167.4,164.33,67723800
2022-04-20,168.76,168.88,166.1,167.23,164.16,67929800
2022-04-21,168.91,171.53,165.91,166.42,163.37,87227800
2022-04-22,166.46,167.87,161.5,161.79,158.82,84882400
2022-04-25,161.12,163.17,158.46,162.88,159.89,96046400
2022-04-26,162.25,162.34,156.72,156.8,153.92,95623200
2022-04-27,155.91,159.79,155.38,156.57,153.7,88063200
2022-04-28,159.25,164.52,158.93,163.64,160.64,130216800
2022-04-29,161.84,166.2,157.25,157.65,154.76,131747600
2022-05-02,156.71,158.23,153.27,157.96,155.06,123055300
2022-05-03,158.15,160.71,156.32,159.48,156.55,88966500
2022-05-04,159.67,166.48,159.26,166.02,162.97,108256500
2022-05-05,163.85,164.08,154.95,156.77,153.89,130525300
2022-05-06,156.01,159.44,154.18,157.28,154.62,116124600
2022-05-09,154.93,155.83,151.49,152.06,149.49,131577900
2022-05-10,155.52,156.74,152.93,154.51,151.9,115366700
2022-05-11,153.5,155.45,145.81,146.5,144.02,142689800
2022-05-12,142.77,146.2,138.8,142.56,140.15,182602000
2022-05-13,144.59,148.1,143.11,147.11,144.62,113990900
2022-05-16,145.55,147.52,144.18,145.54,143.08,86643800
2022-05-17,148.86,149.77,146.68,149.24,146.72,78336300
2022-05-18,146.85,147.36,139.9,140.82,138.44,109742900
2022-05-19,139.88,141.66,136.6,137.35,135.03,136095600
2022-05-20,139.09,140.7,132.61,137.59,135.26,137426100
2022-05-23,137.79,143.26,137.65,143.11,140.69,117726300
2022-05-24,140.81,141.97,137.33,140.36,137.99,104132700
2022-05-25,138.43,141.79,138.34,140.52,138.14,92482700
2022-05-26,137.39,144.34,137.14,143.78,141.35,90601500
2022-05-27,145.39,149.68,145.26,149.64,147.11,90978500
2022-05-31,149.07,150.66,146.84,148.84,146.32,103718400
2022-06-01,149.9,151.74,147.68,148.71,146.2,74286600
2022-06-02,147.83,151.27,146.86,151.21,148.65,72348100
2022-06-03,146.9,147.97,144.46,145.38,142.92,88570300
2022-06-06,147.03,148.57,144.9,146.14,143.67,71598400
2022-06-07,144.35,149.0,144.1,148.71,146.2,67808200
2022-06-08,148.58,149.87,147.46,147.96,145.46,53950200
2022-06-09,147.08,147.95,142.53,142.64,140.23,69473000
2022-06-10,140.28,140.76,137.06,137.13,134.81,91437900
2022-06-13,132.87,135.2,131.44,131.88,129.65,122207100
2022-06-14,133.13,133.89,131.48,132.76,130.52,84784300
2022-06-15,134.29,137.34,132.16,135.43,133.14,91533000
2022-06-16,132.08,132.39,129.04,130.06,127.86,108123900
2022-06-17,130.07,133.08,129.81,131.56,129.34,134520300
2022-06-21,133.42,137.06,133.32,135.87,133.57,81000500
2022-06-22,134.79,137.76,133.91,135.35,133.06,73409200
2022-06-23,136.82,138.59,135.63,138.27,135.93,72433800
2022-06-24,139.9,141.91,139.77,141.66,139.27,89116800
2022-06-27,142.7,143.49,140.97,141.66,139.27,70207900
2022-06-28,142.13,143.42,137.32,137.44,135.12,67083400
2022-06-29,137.46,140.67,136.67,139.23,136.88,66242400
2022-06-30,137.25,138.37,133.77,136.72,134.41,98964500
2022-07-01,136.04,139.04,135.66,138.93,136.58,71051600
2022-07-05,137.77,141.61,136.93,141.56,139.17,73353800
2022-07-06,141.35,144.12,141.08,142.92,140.5,74064300
2022-07-07,143.29,146.55,143.28,146.35,143.88,66253700
2022-07-08,145.26,147.55,145.0,147.04,144.55,64547800
2022-07-11,145.67,146.64,143.78,144.87,142.42,63141600
2022-07-12,145.76,148.45,145.05,145.86,143.39,77588800
2022-07-13,142.99,146.45,142.12,145.49,143.03,71185600
2022-07-14,144.08,148.95,143.25,148.47,145.96,78140700
2022-07-15,149.78,150.86,148.2,150.17,147.63,76259900
2022-07-18,150.74,151.57,146.7,147.07,144.58,81420900
2022-07-19,147.92,151.23,146.91,151.0,148.45,82982400
2022-07-20,151.12,153.72,150.37,153.04,150.45,64823400
2022-07-21,154.5,155.57,151.94,155.35,152.72,65086600
2022-07-22,155.39,156.28,153.41,154.09,151.49,66675400
2022-07-25,154.01,155.04,152.28,152.95,150.36,53623900
2022-07-26,152.26,153.09,150.8,151.6,149.04,55138700
2022-07-27,152.58,157.33,152.16,156.79,154.14,78620700
2022-07-28,156.98,157.64,154.41,157.35,154.69,81378700
2022-07-29,161.24,163.63,159.5,162.51,159.76,101786900
2022-08-01,161.01,163.59,160.89,161.51,158.78,67829400
2022-08-02,160.1,162.41,159.63,160.01,157.3,59907000
2022-08-03,160.84,166.59,160.75,166.13,163.32,82507500
2022-08-04,166.01,167.19,164.43,165.81,163.01,55474100
2022-08-05,163.21,165.85,163.0,165.35,162.78,56697000
2022-08-08,166.37,167.81,164.2,164.87,162.31,60276900
2022-08-09,164.02,165.82,163.25,164.92,162.36,63135500
2022-08-10,167.68,169.34,166.9,169.24,166.61,70170500
2022-08-11,170.06,170.99,168.19,168.49,165.87,57149200
2022-08-12,169.82,172.17,169.4,172.1,169.43,68039400
2022-08-15,171.52,173.39,171.35,173.19,170.5,54091700
2022-08-16,172.78,173.71,171.66,173.03,170.34,56377100
2022-08-17,172.77,176.15,172.57,174.55,171.84,79542000
2022-08-18,173.75,174.9,173.12,174.15,171.44,62290100
2022-08-19,173.03,173.74,171.31,171.52,168.85,70346300
2022-08-22,169.69,169.86,167.14,167.57,164.97,69026800
2022-08-23,167.08,168.71,166.65,167.23,164.63,54147100
2022-08-24,167.32,168.11,166.25,167.53,164.93,53841500
2022-08-25,168.78,170.14,168.35,170.03,167.39,51218200
2022-08-26,170.57,171.05,163.56,163.62,161.08,78961000
2022-08-29,161.15,162.9,159.82,161.38,158.87,73314000
2022-08-30,162.13,162.56,157.72,158.91,156.44,77906200
2022-08-31,160.31,160.58,157.14,157.22,154.78,87991100
2022-09-01,156.64,158.42,154.67,157.96,155.51,74229900
2022-09-02,159.75,160.36,154.97,155.81,153.39,76957800
2022-09-06,156.47,157.09,153.69,154.53,152.13,73714800
2022-09-07,154.82,156.67,153.61,155.96,153.54,87449600
2022-09-08,154.64,156.36,152.68,154.46,152.06,84923800
2022-09-09,155.47,157.82,154.75,157.37,154.92,68028800
2022-09-12,159.59,164.26,159.3,163.43,160.89,104956000
2022-09-13,159.9,160.54,153.37,153.84,151.45,122656600
2022-09-14,154.79,157.1,153.61,155.31,152.9,87965400
2022-09-15,154.65,155.24,151.38,152.37,150.0,90481100
2022-09-16,151.21,151.35,148.37,150.7,148.36,162278800
2022-09-19,149.31,154.56,149.1,154.48,152.08,81474200
2022-09-20,153.4,158.08,153.08,156.9,154.46,107689800
2022-09-21,157.34,158.74,153.6,153.72,151.33,101696800
2022-09-22,152.38,154.47,150.91,152.74,150.37,86652500
2022-09-23,151.19,151.47,148.56,150.43,148.09,96029900
2022-09-26,149.66,153.77,149.64,150.77,148.43,93339400
2022-09-27,152.74,154.72,149.95,151.76,149.4,84442700
2022-09-28,147.64,150.64,144.84,149.84,147.51,146691400
2022-09-29,146.1,146.72,140.68,142.48,140.27,128138200
2022-09-30,141.28,143.1,138.0,138.2,136.05,124925300
2022-10-03,138.21,143.07,137.69,142.45,140.24,114311700
2022-10-04,145.03,146.22,144.26,146.1,143.83,87830100
2022-10-05,144.07,147.38,143.01,146.4,144.12,79471000
2022-10-06,145.81,147.54,145.22,145.43,143.17,68402200
2022-10-07,142.54,143.1,139.45,140.09,137.91,85925600
2022-10-10,140.42,141.89,138.57,140.42,138.24,74899000
2022-10-11,139.9,141.35,138.22,138.98,136.82,77033700
2022-10-12,139.13,140.36,138.16,138.34,136.19,70433700
2022-10-13,134.99,143.59,134.37,142.99,140.77,113224000
2022-10-14,144.31,144.52,138.19,138.38,136.23,88598000
2022-10-17,141.07,142.9,140.27,142.41,140.2,85250900
2022-10-18,145.49,146.7,140.61,143.75,141.52,99136600
2022-10-19,141.69,144.95,141.5,143.86,141.62,61758300
2022-10-20,143.02,145.89,142.65,143.39,141.16,64522000
2022-10-21,142.87,147.85,142.65,147.27,144.98,86548600
2022-10-24,147.19,150.23,146.0,149.45,147.13,75981900
2022-10-25,150.09,152.49,149.36,152.34,149.97,74732300
2022-10-26,150.96,151.99,148.04,149.35,147.03,88194300
2022-10-27,148.07,149.05,144.13,144.8,142.55,109180200
2022-10-28,148.2,157.5,147.82,155.74,153.32,164762400
2022-10-31,153.16,154.24,151.92,153.34,150.96,97943200
2022-11-01,155.08,155.45,149.13,150.65,148.31,80379300
2022-11-02,148.95,152.17,145.0,145.03,142.78,93604600
2022-11-03,142.06,142.8,138.75,138.88,136.72,97918500
2022-11-04,142.09,142.67,134.38,138.38,136.46,140814800
2022-11-07,137.11,139.15,135.67,138.92,136.99,83374600
2022-11-08,140.41,141.43,137.49,139.5,137.56,89908500
2022-11-09,138.5,138.55,134.59,134.87,132.99,74917800
2022-11-10,141.24,146.87,139.5,146.87,144.83,118854000
2022-11-11,145.82,150.01,144.37,149.7,147.62,93979700
2022-11-14,148.97,150.28,147.43,148.28,146.22,73374100
2022-11-15,152.22,153.59,148.56,150.04,147.95,89868300
2022-11-16,149.13,149.87,147.29,148.79,146.72,64218300
2022-11-17,146.43,151.48,146.15,150.72,148.62,80389400
2022-11-18,152.31,152.7,149.97,151.29,149.19,74829600
2022-11-21,150.16,150.37,147.72,148.01,145.95,58724100
2022-11-22,148.13,150.42,146.93,150.18,148.09,51804100
2022-11-23,149.45,151.83,149.34,151.07,148.97,58301400
2022-11-25,148.31,148.88,147.12,148.11,146.05,35195900
2022-11-28,145.14,146.64,143.38,144.22,142.21,69246000
2022-11-29,144.29,144.81,140.35,141.17,139.21,83763800
2022-11-30,141.4,148.72,140.55,148.03,145.97,111380900
2022-12-01,148.21,149.13,146.61,148.31,146.25,71250400
2022-12-02,145.96,148.0,145.65,147.81,145.75,65447400
2022-12-05,147.77,150.92,145.77,146.63,144.59,68826400
2022-12-06,147.07,147.3,141.92,142.91,140.92,64727200
2022-12-07,142.19,143.37,140.0,140.94,138.98,69721100
2022-12-08,142.36,143.52,141.1,142.65,140.67,62128300
2022-12-09,142.34,145.57,140.9,142.16,140.18,76097000
2022-12-12,142.7,144.5,141.06,144.49,142.48,70462700
2022-12-13,149.5,149.97,144.24,145.47,143.45,93886200
2022-12-14,145.35,146.66,141.16,143.21,141.22,82291200
2022-12-15,141.11,141.8,136.03,136.5,134.6,98931900
2022-12-16,136.69,137.65,133.73,134.51,132.64,160156900
2022-12-19,135.11,135.2,131.32,132.37,130.53,79592600
2022-12-20,131.39,133.25,129.89,132.3,130.46,77432800
2022-12-21,132.98,136.81,132.75,135.45,133.57,85928000
2022-12-22,134.35,134.56,130.3,132.23,130.39,77852100
2022-12-23,130.92,132.42,129.64,131.86,130.03,63814900
2022-12-27,131.38,131.41,128.72,130.03,128.22,69007800
2022-12-28,129.67,131.03,125.87,126.04,124.29,85438400
2022-12-29,127.99,130.48,127.73,129.61,127.81,75703700
2022-12-30,128.41,129.95,127.43,129.93,128.12,77034200
2023-01-03,130.28,130.9,124.17,125.07,123.33,112117500
2023-01-04,126.89,128.66,125.08,126.36,124.6,89113600
2023-01-05,127.13,127.77,124.76,125.02,123.28,80962700
2023-01-06,126.01,130.29,124.89,129.62,127.82,87754700
2023-01-09,130.47,133.41,129.89,130.15,128.34,70790800
2023-01-10,130.26,131.26,128.12,130.73,128.91,63896200
2023-01-11,131.25,133.51,130.46,133.49,131.63,69458900
2023-01-12,133.88,134.26,131.44,133.41,131.55,71379600
2023-01-13,132.03,134.92,131.66,134.76,132.89,57809700
2023-01-17,134.83,137.29,134.13,135.94,134.05,63646600
2023-01-18,136.82,138.61,135.03,135.21,133.33,69672800
2023-01-19,134.08,136.25,133.77,135.27,133.39,58280400
2023-01-20,135.28,138.02,134.22,137.87,135.95,80223600
2023-01-23,138.12,143.32,137.9,141.11,139.15,81760300
2023-01-24,140.31,143.16,140.3,142.53,140.55,66435100
2023-01-25,140.89,142.43,138.81,141.86,139.89,65799300
2023-01-26,143.17,144.25,141.9,143.96,141.96,54105100
2023-01-27,143.16,147.23,143.08,145.93,143.9,70555800
2023-01-30,144.96,145.55,142.85,143.0,141.01,64015300
2023-01-31,142.7,144.34,142.28,144.29,142.28,65874500
2023-02-01,143.97,146.61,141.32,145.43,143.41,77663600
2023-02-02,148.9,151.18,148.17,150.82,148.72,118339000
2023-02-03,148.03,157.38,147.83,154.5,152.35,154357300
2023-02-06,152.57,153.1,150.78,151.73,149.62,69858300
2023-02-07,150.64,155.23,150.64,154.65,152.5,83322600
2023-02-08,153.88,154.58,151.17,151.92,149.81,64120100
2023-02-09,153.78,154.33,150.42,150.87,148.77,56007100
2023-02-10,149.46,151.34,149.22,151.01,149.14,57450700
2023-02-13,150.95,154.26,150.92,153.85,151.94,62199000
2023-02-14,152.12,153.77,150.86,153.2,151.3,61707600
2023-02-15,153.11,155.5,152.88,155.33,153.4,65573800
2023-02-16,153.51,156.33,153.35,153.71,151.8,68167900
2023-02-17,152.35,153.0,150.85,152.55,150.66,59144100
2023-02-21,150.2,151.3,148.41,148.48,146.64,58867200
2023-02-22,148.87,149.95,147.16,148.91,147.06,51011300
2023-02-23,150.09,150.34,147.24,149.4,147.55,48394200
2023-02-24,147.11,147.19,145.72,146.71,144.89,55469600
2023-02-27,147.71,149.17,147.45,147.92,146.09,44998500
2023-02-28,147.05,149.08,146.83,147.41,145.58,50547000
2023-03-01,146.83,147.23,145.01,145.31,143.51,55479000
2023-03-02,144.38,146.71,143.9,145.91,144.1,52238100
2023-03-03,148.04,151.11,147.33,151.03,149.16,70732300
2023-03-06,153.79,156.3,153.46,153.83,151.92,87558000
2023-03-07,153.7,154.03,151.13,151.6,149.72,56182000
2023-03-08,152.81,153.47,151.83,152.87,150.97,47204800
2023-03-09,153.56,154.54,150.23,150.59,148.72,53833600
2023-03-10,150.21,150.94,147.61,148.5,146.66,68572400
2023-03-13,147.81,153.14,147.7,150.47,148.6,84457100
2023-03-14,151.28,153.4,150.1,152.59,150.7,73695900
2023-03-15,151.19,153.25,149.92,152.99,151.09,77167900
2023-03-16,152.16,156.46,151.64,155.85,153.92,76161100
2023-03-17,156.08,156.74,154.28,155.0,153.08,98944600
2023-03-20,155.07,157.82,154.15,157.4,155.45,73641400
2023-03-21,157.32,159.4,156.54,159.28,157.3,73938300
2023-03-22,159.3,162.14,157.81,157.83,155.87,75701800
2023-03-23,158.83,161.55,157.68,158.93,156.96,67622100
2023-03-24,158.86,160.34,157.85,160.25,158.26,59196500
2023-03-27,159.94,160.77,157.87,158.28,156.32,52390300
2023-03-28,157.97,158.49,155.98,157.65,155.69,45992200
2023-03-29,159.37,161.05,159.35,160.77,158.78,51305700
2023-03-30,161.53,162.47,161.27,162.36,160.35,49501700
2023-03-31,162.44,165.0,161.91,164.9,162.85,68749800
2023-04-03,164.27,166.29,164.22,166.17,164.11,56976200
2023-04-04,166.6,166.84,165.11,165.63,163.58,46278300
2023-04-05,164.74,165.05,161.8,163.76,161.73,51511700
2023-04-06,162.43,164.96,162.0,164.66,162.62,45390100
2023-04-10,161.42,162.03,160.08,162.03,160.02,47716900
2023-04-11,162.35,162.36,160.51,160.8,158.81,47644200
2023-04-12,161.22,162.06,159.78,160.1,158.11,50133100
2023-04-13,161.63,165.8,161.42,165.56,163.51,68445600
2023-04-14,164.59,166.32,163.82,165.21,163.16,49386500
2023-04-17,165.09,165.39,164.03,165.23,163.18,41516200
2023-04-18,166.1,167.41,165.65,166.47,164.41,49923000
2023-04-19,165.8,168.16,165.54,167.63,165.55,47720200
2023-04-20,166.09,167.87,165.56,166.65,164.58,52456400
2023-04-21,165.05,166.45,164.49,165.02,162.97,58337300
2023-04-24,165.0,165.6,163.89,165.33,163.28,41949600
2023-04-25,165.19,166.31,163.73,163.77,161.74,48714100
2023-04-26,163.06,165.28,162.8,163.76,161.73,45498800
2023-04-27,165.19,168.56,165.19,168.41,166.32,64902300
2023-04-28,168.49,169.85,167.88,169.68,167.58,55275900
2023-05-01,169.28,170.45,168.64,169.59,167.49,52472900
2023-05-02,170.09,170.35,167.54,168.54,166.45,48425700
2023-05-03,169.5,170.92,167.16,167.45,165.37,65136000
2023-05-04,164.89,167.04,164.31,165.79,163.73,81235400
2023-05-05,170.98,174.3,170.76,173.57,171.42,113453200
2023-05-08,172.48,173.85,172.11,173.5,171.35,55962800
2023-05-09,173.05,173.54,171.6,171.77,169.64,45326900
2023-05-10,173.02,174.03,171.9,173.56,171.41,53724500
2023-05-11,173.85,174.59,172.17,173.75,171.6,49514700
2023-05-12,173.62,174.06,171.0,172.57,170.67,45533100
2023-05-15,173.16,173.21,171.47,172.07,170.17,37266700
2023-05-16,171.99,173.14,171.8,172.07,170.17,42110300
2023-05-17,171.71,172.93,170.42,172.69,170.78,57951600
2023-05-18,173.0,175.24,172.58,175.05,173.12,65496700
2023-05-19,176.39,176.39,174.94,175.16,173.23,55809500
2023-05-22,173.98,174.71,173.45,174.2,172.28,43570900
2023-05-23,173.13,173.38,171.28,171.56,169.67,50747300
2023-05-24,171.09,172.42,170.52,171.84,169.94,45143500
2023-05-25,172.41,173.9,171.69,172.99,171.08,56058300
2023-05-26,173.32,175.77,173.11,175.43,173.49,54835000
2023-05-30,176.96,178.99,176.57,177.3,175.34,55964400
2023-05-31,177.33,179.35,176.76,177.25,175.29,99625300
2023-06-01,177.7,180.12,176.93,180.09,178.1,68901800
2023-06-02,181.03,181.78,179.26,180.95,178.95,61996900
2023-06-05,182.63,184.95,178.04,179.58,177.6,121946500
2023-06-06,179.97,180.12,177.43,179.21,177.23,64848400
2023-06-07,178.44,181.21,177.32,177.82,175.86,61944600
2023-06-08,177.9,180.84,177.46,180.57,178.58,50214900
2023-06-09,181.5,182.23,180.63,180.96,178.96,48900000
2023-06-12,181.27,183.89,180.97,183.79,181.76,54274900
2023-06-13,182.8,184.15,182.44,183.31,181.29,54929100
2023-06-14,183.37,184.39,182.02,183.95,181.92,57462900
2023-06-15,183.96,186.52,183.78,186.01,183.96,65433200
2023-06-16,186.73,186.99,184.27,184.92,182.88,101256200
2023-06-20,184.41,186.1,184.41,185.01,182.97,49799100
2023-06-21,184.9,185.41,182.59,183.96,181.93,49515700
2023-06-22,183.74,187.05,183.67,187.0,184.94,51245300
2023-06-23,185.55,187.56,185.01,186.68,184.62,53117000
2023-06-26,186.83,188.05,185.23,185.27,183.23,48088700
2023-06-27,185.89,188.39,185.67,188.06,185.98,50730800
2023-06-28,187.93,189.9,187.6,189.25,187.16,51216800
2023-06-29,189.08,190.07,188.94,189.59,187.5,46347300
2023-06-30,191.63,194.48,191.26,193.97,191.83,85213200
2023-07-03,193.78,193.88,191.76,192.46,190.34,31458200
2023-07-05,191.57,192.98,190.62,191.33,189.22,46920300
2023-07-06,189.84,192.02,189.2,191.81,189.69,45094300
2023-07-07,191.41,192.67,190.24,190.68,188.58,46815000
2023-07-10,189.26,189.99,187.04,188.61,186.53,59922200
2023-07-11,189.16,189.3,186.6,188.08,186.0,46638100
2023-07-12,189.68,191.7,188.47,189.77,187.68,60750200
2023-07-13,190.5,191.19,189.78,190.54,188.44,41342300
2023-07-14,190.23,191.18,189.63,190.69,188.59,41616200
2023-07-17,191.9,194.32,191.81,193.99,191.85,50520200
2023-07-18,193.35,194.33,192.42,193.73,191.59,48288200
2023-07-19,193.1,198.23,192.65,195.1,192.95,80507300
2023-07-20,195.09,196.47,192.5,193.13,191.0,59581200
2023-07-21,194.1,194.97,191.23,191.94,189.82,71951700
2023-07-24,193.41,194.91,192.25,192.75,190.62,45377800
2023-07-25,193.33,194.44,192.92,193.62,191.48,37283200
2023-07-26,193.67,195.64,193.32,194.5,192.35,47471900
2023-07-27,196.02,197.2,192.55,193.22,191.09,47460200
2023-07-28,194.67,196.63,194.14,195.83,193.67,48291400
2023-07-31,196.06,196.49,195.26,196.45,194.28,38824100
2023-08-01,196.24,196.73,195.28,195.61,193.45,35175100
2023-08-02,195.04,195.18,191.85,192.58,190.45,50389300
2023-08-03,191.57,192.37,190.69,191.17,189.06,61235200
2023-08-04,185.52,187.38,181.92,181.99,179.98,115956800
2023-08-07,182.13,183.13,177.35,178.85,176.88,97576100
2023-08-08,179.69,180.27,177.58,179.8,177.82,67823000
2023-08-09,180.87,180.93,177.01,178.19,176.22,60378500
2023-08-10,179.48,180.75,177.6,177.97,176.01,54686900
2023-08-11,177.32,178.62,176.55,177.79,176.07,52036700
2023-08-14,177.97,179.69,177.31,179.46,177.72,43675600
2023-08-15,178.88,179.48,177.05,177.45,175.73,43622600
2023-08-16,177.13,178.54,176.5,176.57,174.86,46964900
2023-08-17,177.14,177.51,173.48,174.0,172.31,66062900
2023-08-18,172.3,175.1,171.96,174.49,172.8,61172200
2023-08-21,175.07,176.13,173.74,175.84,174.13,46311900
2023-08-22,177.06,177.68,176.25,177.23,175.51,42038900
2023-08-23,178.52,181.55,178.33,181.12,179.36,52722800
2023-08-24,180.67,181.1,176.01,176.38,174.67,54945800
2023-08-25,177.38,179.15,175.82,178.61,176.88,51449600
2023-08-28,180.09,180.59,178.55,180.19,178.44,43820700
2023-08-29,179.7,184.9,179.5,184.12,182.33,53003900
2023-08-30,184.94,187.85,184.74,187.65,185.83,60813900
2023-08-31,187.84,189.12,187.48,187.87,186.05,60794500
2023-09-01,189.49,189.92,188.28,189.46,187.62,45766500
2023-09-05,188.28,189.98,187.61,189.7,187.86,45280000
2023-09-06,188.4,188.85,181.47,182.91,181.14,81755800
2023-09-07,175.18,178.21,173.54,177.56,175.84,112488800
2023-09-08,178.35,180.24,177.79,178.18,176.45,65551300
2023-09-11,180.07,180.3,177.34,179.36,177.62,58953100
2023-09-12,179.49,180.13,174.82,176.3,174.59,90370200
2023-09-13,176.51,177.3,173.98,174.21,172.52,84267900
2023-09-14,174.0,176.1,173.58,175.74,174.04,60895800
2023-09-15,176.48,176.5,173.82,175.01,173.31,109259500
2023-09-18,176.48,179.38,176.17,177.97,176.24,67257600
2023-09-19,177.52,179.63,177.13,179.07,177.33,51826900
2023-09-20,179.26,179.7,175.4,175.49,173.79,58436200
2023-09-21,174.55,176.3,173.86,173.93,172.24,63149100
2023-09-22,174.67,177.08,174.05,174.79,173.09,56725400
2023-09-25,174.2,176.97,174.15,176.08,174.37,46172700
2023-09-26,174.82,175.2,171.66,171.96,170.29,64588900
2023-09-27,172.62,173.04,169.05,170.43,168.78,66921800
2023-09-28,169.34,172.03,167.62,170.69,169.03,56294400
2023-09-29,172.02,173.07,170.34,171.21,169.55,51861100
2023-10-02,171.22,174.3,170.93,173.75,172.06,52164500
2023-10-03,172.26,173.63,170.82,172.4,170.73,49594600
2023-10-04,171.09,174.21,170.97,173.66,171.98,53020300
2023-10-05,173.79,175.45,172.68,174.91,173.21,48527900
2023-10-06,173.8,177.99,173.18,177.49,175.77,57266700
2023-10-09,176.81,179.05,175.8,178.99,177.25,42390800
2023-10-10,178.1,179.72,177.95,178.39,176.66,43698000
2023-10-11,178.2,179.85,177.6,179.8,178.06,47551100
2023-10-12,180.07,182.34,179.04,180.71,178.96,56743100
2023-10-13,181.42,181.93,178.14,178.85,177.12,51427100
2023-10-16,176.75,179.08,176.51,178.72,176.99,52517000
2023-10-17,176.65,178.42,174.8,177.15,175.43,57549400
2023-10-18,175.58,177.58,175.11,175.84,174.13,54764400
2023-10-19,176.04,177.84,175.19,175.46,173.76,59302900
2023-10-20,175.31,175.42,172.64,172.88,171.2,64244000
2023-10-23,170.91,174.01,169.93,173.0,171.32,55980100
2023-10-24,173.05,173.67,171.45,173.44,171.76,43816600
2023-10-25,171.88,173.06,170.65,171.1,169.44,57157000
2023-10-26,170.37,171.38,165.67,166.89,165.27,70625300
2023-10-27,166.91,168.96,166.83,168.22,166.59,58499100
2023-10-30,169.02,171.17,168.87,170.29,168.64,51131000
2023-10-31,169.35,170.9,167.9,170.77,169.11,44846000
2023-11-01,171.0,174.23,170.12,173.97,172.28,56934900
2023-11-02,175.52,177.78,175.46,177.57,175.85,77334800
2023-11-03,174.24,176.82,173.35,176.65,174.94,79829200
2023-11-06,176.38,179.43,176.21,179.23,177.49,63841300
2023-11-07,179.18,182.44,178.97,181.82,180.06,70530000
2023-11-08,182.35,183.45,181.59,182.89,181.12,49340300
2023-11-09,182.96,184.12,181.81,182.41,180.64,53763500
2023-11-10,183.97,186.57,183.53,186.4,184.84,66133400
2023-11-13,185.82,186.03,184.21,184.8,183.25,43627500
2023-11-14,187.7,188.11,186.3,187.44,185.87,60108400
2023-11-15,187.85,189.5,187.78,188.01,186.43,53790500
2023-11-16,189.57,190.96,188.65,189.71,188.12,54412900
2023-11-17,190.25,190.38,188.57,189.69,188.1,50922700
2023-11-20,189.89,191.91,189.88,191.45,189.84,46505100
2023-11-21,191.41,191.52,189.74,190.64,189.04,38134500
2023-11-22,191.49,192.93,190.83,191.31,189.7,39617700
2023-11-24,190.87,190.9,189.25,189.97,188.38,24048300
2023-11-27,189.92,190.67,188.9,189.79,188.2,40552600
2023-11-28,189.78,191.08,189.4,190.4,188.8,38415400
2023-11-29,190.9,192.09,188.97,189.37,187.78,43014200
2023-11-30,189.84,190.32,188.19,189.95,188.36,48794400
2023-12-01,190.33,191.56,189.23,191.24,189.63,45704800
2023-12-04,189.98,190.05,187.45,189.43,187.84,43389500
2023-12-05,190.21,194.4,190.18,193.42,191.8,66628400
2023-12-06,194.45,194.76,192.11,192.32,190.71,41089700
2023-12-07,193.63,195.0,193.59,194.27,192.64,47477700
2023-12-08,194.2,195.99,193.67,195.71,194.07,53406400
2023-12-11,193.11,193.49,191.42,193.18,191.56,60943700
2023-12-12,193.08,194.72,191.72,194.71,193.08,52696900
2023-12-13,195.09,198.0,194.85,197.96,196.3,70404200
2023-12-14,198.02,199.62,196.16,198.11,196.45,66831600
2023-12-15,197.53,198.4,197.0,197.57,195.91,128538400
2023-12-18,196.09,196.63,194.39,195.89,194.25,55751900
2023-12-19,196.16,196.95,195.89,196.94,195.29,40714100
2023-12-20,196.9,197.68,194.83,194.83,193.19,52242800
2023-12-21,196.1,197.08,193.5,194.68,193.05,46482500
2023-12-22,195.18,195.41,192.97,193.6,191.97,37149600
2023-12-26,193.61,193.89,192.83,193.05,191.43,28919300
2023-12-27,192.49,193.5,191.09,193.15,191.53,48087700
2023-12-28,194.14,194.66,193.17,193.58,191.95,34049900
2023-12-29,193.9,194.4,191.73,192.53,190.91,42672100
2024-01-02,187.15,188.44,183.89,185.64,184.08,82488700
2024-01-03,184.22,185.88,183.43,184.25,182.7,58414500
2024-01-04,182.15,183.09,180.88,181.91,180.38,71983600
2024-01-05,181.99,182.76,180.17,181.18,179.66,62379700
2024-01-08,182.09,185.6,181.5,185.56,184.0,59144500
2024-01-09,183.92,185.15,182.73,185.14,183.59,42841800
2024-01-10,184.35,186.4,183.92,186.19,184.63,46792900
2024-01-11,186.54,187.05,183.62,185.59,184.03,49128400
2024-01-12,186.06,186.74,185.19,185.92,184.36,40477800
2024-01-16,182.16,184.26,180.93,183.63,182.09,65603000
2024-01-17,181.27,182.93,180.3,182.68,181.15,47317400
2024-01-18,186.09,189.14,185.83,188.63,187.05,78005800
2024-01-19,189.33,191.95,188.82,191.56,189.95,68903000
2024-01-22,192.3,195.33,192.26,193.89,192.26,60133900
2024-01-23,195.02,195.75,193.83,195.18,193.54,42355600
2024-01-24,195.42,196.38,194.34,194.5,192.87,53631300
2024-01-25,195.22,196.27,193.11,194.17,192.54,54822100
2024-01-26,194.27,194.76,191.94,192.42,190.8,44594000
2024-01-29,192.01,192.2,189.58,191.73,190.12,47145600
2024-01-30,190.94,191.8,187.47,188.04,186.46,55859400
2024-01-31,187.04,187.1,184.35,184.4,182.85,55467800
2024-02-01,183.99,186.95,183.82,186.86,185.29,64885400
2024-02-02,179.86,187.33,179.25,185.85,184.29,102551700
2024-02-05,188.15,189.25,185.84,187.68,186.1,69668800
2024-02-06,186.86,189.31,186.77,189.3,187.71,43490800
2024-02-07,190.64,191.05,188.61,189.41,187.82,53439000
2024-02-08,189.39,189.54,187.35,188.32,186.74,40962000
2024-02-09,188.65,189.99,188.0,188.85,187.5,45155200
2024-02-12,188.42,188.67,186.79,187.15,185.82,41781900
2024-02-13,185.77,186.21,183.51,185.04,183.72,56529500
2024-02-14,185.32,185.53,182.44,184.15,182.84,54630500
2024-02-15,183.55,184.49,181.35,183.86,182.55,65434500
2024-02-16,183.42,184.85,181.67,182.31,181.01,49752500
2024-02-20,181.79,182.43,180.0,181.56,180.27,53665600
2024-02-21,181.94,182.89,180.66,182.32,181.02,41371400
2024-02-22,183.48,184.96,182.46,184.37,183.06,52292200
2024-02-23,185.01,185.04,182.23,182.52,181.22,45119700
2024-02-26,182.24,182.76,180.65,181.16,179.87,40867400
2024-02-27,181.1,183.92,179.56,182.63,181.33,54318900
2024-02-28,182.51,183.12,180.13,181.42,180.13,48953900
2024-02-29,181.27,182.57,179.53,180.75,179.46,136682600
2024-03-01,179.55,180.53,177.38,179.66,178.38,73563100
2024-03-04,176.15,176.9,173.79,175.1,173.85,81510100
2024-03-05,170.76,172.04,169.62,170.12,168.91,95132400
2024-03-06,171.06,171.24,168.68,169.12,167.91,68587700
2024-03-07,169.15,170.73,168.49,169.0,167.8,71765100
2024-03-08,169.0,173.7,168.94,170.73,169.51,76267000
2024-03-11,172.94,174.38,172.05,172.75,171.52,60139500
2024-03-12,173.15,174.03,171.01,173.23,171.99,59825400
2024-03-13,172.77,173.19,170.76,171.13,169.91,52488700
2024-03-14,172.91,174.31,172.05,173.0,171.77,72913500
2024-03-15,171.17,172.62,170.29,172.62,171.39,121752700
2024-03-18,175.57,177.71,173.52,173.72,172.48,75604200
2024-03-19,174.34,176.61,173.03,176.08,174.82,55215200
2024-03-20,175.72,178.67,175.09,178.67,177.4,53423100
2024-03-21,177.05,177.49,170.84,171.37,170.15,106181300
2024-03-22,171.76,173.05,170.06,172.28,171.05,71160100
2024-03-25,170.57,171.94,169.45,170.85,169.63,54288300
2024-03-26,170.0,171.42,169.58,169.71,168.5,57388400
2024-03-27,170.41,173.6,170.11,173.31,172.07,60273300
2024-03-28,171.75,172.23,170.51,171.48,170.26,65672700
2024-04-01,171.19,171.25,169.48,170.03,168.82,46240500
2024-04-02,169.08,169.34,168.23,168.84,167.64,49329500
2024-04-03,168.79,170.68,168.58,169.65,168.44,47691700
2024-04-04,170.29,171.92,168.82,168.82,167.62,53704400
2024-04-05,169.59,170.39,168.95,169.58,168.37,42104800
2024-04-08,169.03,169.2,168.24,168.45,167.25,37425500
2024-04-09,168.7,170.08,168.35,169.67,168.46,42373800
2024-04-10,168.8,169.09,167.11,167.78,166.58,49709300
2024-04-11,168.34,175.46,168.16,175.04,173.79,91070300
2024-04-12,174.26,178.36,174.21,176.55,175.29,101670900
2024-04-15,175.36,176.63,172.5,172.69,171.46,73531800
2024-04-16,171.75,173.76,168.27,169.38,168.17,73711200
2024-04-17,169.61,170.65,168.0,168.0,166.8,50901200
2024-04-18,168.03,168.64,166.55,167.04,165.85,43122900
2024-04-19,166.21,166.4,164.08,165.0,163.82,68149400
2024-04-22,165.52,167.26,164.77,165.84,164.66,48116400
2024-04-23,165.35,167.05,164.92,166.9,165.71,49537800
2024-04-24,166.54,169.3,166.21,169.02,167.81,48251800
2024-04-25,169.53,170.61,168.15,169.89,168.68,50558300
2024-04-26,169.88,171.34,169.18,169.3,168.09,44838400
2024-04-29,173.37,176.03,173.1,173.5,172.26,68169400
2024-04-30,173.33,174.99,170.0,170.33,169.12,65934800
2024-05-01,169.58,172.71,169.11,169.3,168.09,50383100
2024-05-02,172.51,173.42,170.89,173.03,171.8,94214900
2024-05-03,186.65,187.0,182.66,183.38,182.07,163224100
2024-05-06,182.35,184.2,180.42,181.71,180.41,78569700
2024-05-07,183.45,184.9,181.32,182.4,181.1,77305800
2024-05-08,182.85,183.07,181.45,182.74,181.44,45057100
2024-05-09,182.56,184.66,182.11,184.57,183.25,48983000
2024-05-10,184.9,185.09,182.13,183.05,181.99,50759500
2024-05-13,185.44,187.1,184.62,186.28,185.2,72044800
2024-05-14,187.51,188.3,186.29,187.43,186.35,52393600
2024-05-15,187.91,190.65,187.37,189.72,188.62,70400000
2024-05-16,190.47,191.1,189.66,189.84,188.74,52845200
2024-05-17,189.51,190.81,189.18,189.87,188.77,41282900
2024-05-20,189.33,191.92,189.01,191.04,189.94,44361300
2024-05-21,191.09,192.73,190.92,192.35,191.24,42309400
2024-05-22,192.27,192.82,190.27,190.9,189.8,34648500
2024-05-23,190.98,191.0,186.63,186.88,185.8,51005900
2024-05-24,188.82,190.58,188.04,189.98,188.88,36327000
2024-05-28,191.51,193.0,189.1,189.99,188.89,52280100
2024-05-29,189.61,192.25,189.51,190.29,189.19,53068000
2024-05-30,190.76,192.18,190.63,191.29,190.18,49889100
2024-05-31,191.44,192.57,189.91,192.25,191.14,75158300
2024-06-03,192.9,194.99,192.52,194.03,192.91,50080500
2024-06-04,194.64,195.32,193.03,194.35,193.23,47471400
2024-06-05,195.4,196.9,194.87,195.87,194.74,54156800
2024-06-06,195.69,196.5,194.17,194.48,193.36,41181800
2024-06-07,194.65,196.94,194.14,196.89,195.75,53103900
2024-06-10,196.9,197.3,192.15,193.12,192.0,97010200
2024-06-11,193.65,207.16,193.63,207.15,205.95,172373300
2024-06-12,207.37,220.2,206.9,213.07,211.84,198134300
2024-06-13,214.74,216.75,211.6,214.24,213.0,97862700
2024-06-14,213.85,215.17,211.3,212.49,211.26,70122700
2024-06-17,213.37,218.95,212.72,216.67,215.42,93728300
2024-06-18,217.59,218.63,213.0,214.29,213.05,79943300
2024-06-20,213.93,214.24,208.85,209.68,208.47,86172500
2024-06-21,210.39,211.89,207.11,207.49,206.29,241805100
2024-06-24,207.72,212.7,206.59,208.14,206.94,80727000
2024-06-25,209.15,211.38,208.61,209.07,207.86,55549700
2024-06-26,211.5,214.86,210.64,213.25,212.02,66213200
2024-06-27,214.69,215.74,212.35,214.1,212.86,49772700
2024-06-28,215.77,216.07,210.3,210.62,209.4,82542700
2024-07-01,212.09,217.51,211.92,216.75,215.5,60402900
2024-07-02,216.15,220.38,215.1,220.27,219.0,58046200
2024-07-03,220.0,221.55,219.03,221.55,220.27,37369800
2024-07-05,221.65,226.45,221.65,226.34,225.03,60412400
2024-07-08,227.09,227.85,223.25,227.82,226.5,59085900
2024-07-09,227.93,229.4,226.37,228.68,227.36,48076100
2024-07-10,229.3,233.08,229.25,232.98,231.63,62627700
2024-07-11,231.39,232.39,225.77,227.57,226.25,64710600
2024-07-12,228.92,232.64,228.68,230.54,229.21,53046500
2024-07-15,236.48,237.23,233.09,234.4,233.04,62631300
2024-07-16,235.0,236.27,232.33,234.82,233.46,43234300
2024-07-17,229.45,231.46,226.64,228.88,227.56,57345900
2024-07-18,230.28,230.44,222.27,224.18,222.88,66034600
2024-07-19,224.82,226.8,223.28,224.31,223.01,49151500
2024-07-22,227.01,227.78,223.09,223.96,222.66,48201800
2024-07-23,224.37,226.94,222.68,225.01,223.71,39960300
2024-07-24,224.0,224.8,217.13,218.54,217.28,61777600
2024-07-25,218.93,220.85,214.62,217.49,216.23,51391200
2024-07-26,218.7,219.49,216.01,217.96,216.7,41601300
2024-07-29,216.96,219.3,215.75,218.24,216.98,36311800
2024-07-30,219.19,220.33,216.12,218.8,217.53,41643800
2024-07-31,221.44,223.82,220.63,222.08,220.8,50036300
2024-08-01,224.37,224.48,217.02,218.36,217.1,62501000
2024-08-02,219.15,225.6,217.71,219.86,218.59,105568600
2024-08-05,199.09,213.5,196.0,209.27,208.06,119548600
2024-08-06,205.3,209.99,201.07,207.23,206.03,69660500
2024-08-07,206.9,213.64,206.39,209.82,208.61,63516400
2024-08-08,213.11,214.2,208.83,213.31,212.08,47161100
2024-08-09,212.1,216.78,211.97,216.24,214.99,42201600
2024-08-12,216.07,219.51,215.6,217.53,216.52,38028100
2024-08-13,219.01,221.89,219.01,221.27,220.24,44155300
2024-08-14,220.57,223.03,219.7,221.72,220.69,41960600
2024-08-15,224.6,225.35,222.76,224.72,223.68,46414000
2024-08-16,223.92,226.83,223.65,226.05,225.0,44340200
2024-08-19,225.72,225.99,223.04,225.89,224.84,40687800
2024-08-20,225.77,227.17,225.45,226.51,225.46,30299000
2024-08-21,226.52,227.98,225.05,226.4,225.35,34765500
2024-08-22,227.79,228.34,223.9,224.53,223.49,43695300
2024-08-23,225.66,228.22,224.33,226.84,225.79,38677300
2024-08-26,226.76,227.28,223.89,227.18,226.13,30602200
2024-08-27,226.0,228.85,224.89,228.03,226.97,35934600
2024-08-28,227.92,229.86,225.68,226.49,225.44,38052200
2024-08-29,230.1,232.92,228.88,229.79,228.73,51906300
2024-08-30,230.19,230.4,227.48,229.0,227.94,52990800
2024-09-03,228.55,229.0,221.17,222.77,221.74,50190600
2024-09-04,221.66,221.78,217.48,220.85,219.83,43840200
2024-09-05,221.63,225.48,221.52,222.38,221.35,36615400
2024-09-06,223.95,225.24,219.77,220.82,219.8,48423000
2024-09-09,220.82,221.27,216.71,220.91,219.89,67180000
2024-09-10,218.92,221.48,216.73,220.11,219.09,51591000
2024-09-11,221.46,223.09,217.89,222.66,221.63,44587100
2024-09-12,222.5,223.55,219.82,222.77,221.74,37455600
2024-09-13,223.58,224.04,221.91,222.5,221.47,36766600
2024-09-16,216.54,217.22,213.92,216.32,215.32,59357400
2024-09-17,215.75,216.9,214.5,216.79,215.79,45519300
2024-09-18,217.55,222.71,217.54,220.69,219.67,59894900
2024-09-19,224.99,229.82,224.63,228.87,227.81,66781300
2024-09-20,229.97,233.09,227.62,228.2,227.14,318679900
2024-09-23,227.34,229.45,225.81,226.47,225.42,54146000
2024-09-24,228.65,229.35,225.73,227.37,226.32,43556100
2024-09-25,224.93,227.29,224.02,226.37,225.32,42308700
2024-09-26,227.3,228.5,225.41,227.52,226.47,36636700
2024-09-27,228.46,229.52,227.3,227.79,226.73,34026000
2024-09-30,230.04,233.0,229.65,233.0,231.92,54541900
2024-10-01,229.52,229.65,223.74,226.21,225.16,63285000
2024-10-02,225.89,227.37,223.02,226.78,225.73,32880600
2024-10-03,225.14,226.81,223.32,225.67,224.62,34044200
2024-10-04,227.9,228.0,224.13,226.8,225.75,37245100
2024-10-07,224.5,225.69,221.33,221.69,220.66,39505400
2024-10-08,224.3,225.98,223.25,225.77,224.72,31855700
2024-10-09,225.23,229.75,224.83,229.54,228.48,33591100
2024-10-10,227.78,229.5,227.17,229.04,227.98,28183500
2024-10-11,229.3,229.41,227.34,227.55,226.5,31759200
2024-10-14,228.7,231.73,228.6,231.3,230.23,39882100
2024-10-15,233.61,237.49,232.37,233.85,232.77,64751400
2024-10-16,231.6,232.12,229.84,231.78,230.71,34082200
2024-10-17,233.43,233.85,230.52,232.15,231.07,32993800
2024-10-18,236.18,236.18,234.01,235.0,233.91,46431500
2024-10-21,234.45,236.85,234.45,236.48,235.38,36254500
2024-10-22,233.89,236.22,232.6,235.86,234.77,38846600
2024-10-23,234.08,235.14,227.76,230.76,229.69,52287000
2024-10-24,229.98,230.82,228.41,230.57,229.5,31109500
2024-10-25,229.74,233.22,229.57,231.41,230.34,38802300
2024-10-28,233.32,234.73,232.55,233.4,232.32,36087100
2024-10-29,233.1,234.33,232.32,233.67,232.59,35417200
2024-10-30,232.61,233.47,229.55,230.1,229.03,47070900
2024-10-31,229.34,229.83,225.37,225.91,224.86,64370100
2024-11-01,220.97,225.35,220.27,222.91,221.88,65276700
2024-11-04,220.99,222.79,219.71,222.01,220.98,44944500
2024-11-05,221.8,223.95,221.14,223.45,222.41,28111300
2024-11-06,222.61,226.07,221.19,222.72,221.69,54561100
2024-11-07,224.63,227.88,224.57,227.48,226.43,42137700
2024-11-08,227.17,228.66,226.41,226.96,226.16,38328800
2024-11-11,225.0,225.7,221.5,224.23,223.44,42005600
2024-11-12,224.55,225.59,223.36,224.23,223.44,40398300
2024-11-13,224.01,226.65,222.76,225.12,224.32,48566200
2024-11-14,225.02,228.87,225.0,228.22,227.41,44923900
2024-11-15,226.4,226.92,224.27,225.0,224.2,47923700
2024-11-18,225.25,229.74,225.17,228.02,227.21,44633700
2024-11-19,226.98,230.16,226.66,228.28,227.47,36211800
2024-11-20,228.06,229.93,225.89,229.0,228.19,35169600
2024-11-21,228.88,230.16,225.71,228.52,227.71,42108300
2024-11-22,228.06,230.72,228.06,229.87,229.06,38168300
2024-11-25,231.46,233.25,229.74,232.87,232.05,90152800
2024-11-26,233.33,235.57,233.33,235.06,234.23,45986200
2024-11-27,234.47,235.69,233.81,234.93,234.1,33498400
2024-11-29,234.81,237.81,233.97,237.33,236.49,28481400
2024-12-02,237.27,240.79,237.16,239.59,238.74,48137100
2024-12-03,239.81,242.76,238.9,242.65,241.79,38861000
2024-12-04,242.87,244.11,241.25,243.01,242.15,44383900
2024-12-05,243.99,244.54,242.13,243.04,242.18,40033900
2024-12-06,242.91,244.63,242.08,242.84,241.98,36870600
2024-12-09,241.83,247.24,241.75,246.75,245.88,44649200
2024-12-10,246.89,248.21,245.34,247.77,246.89,36914800
2024-12-11,247.96,250.8,246.26,246.49,245.62,45205800
2024-12-12,246.89,248.74,245.68,247.96,247.08,32777500
2024-12-13,247.82,249.29,246.24,248.13,247.25,33155300
2024-12-16,247.99,251.38,247.65,251.04,250.15,51694800
2024-12-17,250.08,253.83,249.78,253.48,252.58,51356400
2024-12-18,252.16,254.28,247.74,248.05,247.17,56774100
2024-12-19,247.5,252.0,247.09,249.79,248.91,60882300
2024-12-20,248.04,255.0,245.69,254.49,253.59,147495300
2024-12-23,254.77,255.65,253.45,255.27,254.37,40858800
2024-12-24,255.49,258.21,255.29,258.2,257.29,23234700
2024-12-26,258.19,260.1,257.63,259.02,258.1,27237100
2024-12-27,257.83,258.7,253.06,255.59,254.69,42355300
2024-12-30,252.23,253.5,250.75,252.2,251.31,35557500
2024-12-31,252.44,253.28,249.43,250.42,249.53,39480700
2025-01-02,248.93,249.1,241.82,243.85,242.99,55740700
2025-01-03,243.36,244.18,241.89,243.36,242.5,40244100
2025-01-06,244.31,247.33,243.2,245.0,244.13,45045600
2025-01-07,242.98,245.55,241.35,242.21,241.35,40856000
2025-01-08,241.92,243.71,240.05,242.7,241.84,37628900
2025-01-10,240.01,240.16,233.0,236.85,236.01,61710900
2025-01-13,233.53,234.67,229.72,234.4,233.57,49630700
2025-01-14,234.75,236.12,232.47,233.28,232.45,39435300
2025-01-15,234.64,238.96,234.43,237.87,237.03,39832000
2025-01-16,237.35,238.01,228.03,228.26,227.45,71759100
2025-01-17,232.12,232.29,228.48,229.98,229.17,68488300
2025-01-21,224.0,224.42,219.38,222.64,221.85,98070400
2025-01-22,219.79,224.12,219.79,223.83,223.04,64126500
2025-01-23,224.74,227.03,222.3,223.66,222.87,60234800
2025-01-24,224.78,225.63,221.41,222.78,221.99,54697900
2025-01-27,224.02,232.15,223.98,229.86,229.05,94863400
2025-01-28,230.85,240.19,230.81,238.26,237.42,75707600
2025-01-29,234.12,239.86,234.01,239.36,238.51,45486100
2025-01-30,238.67,240.79,237.21,237.59,236.75,55658300
2025-01-31,247.19,247.19,233.44,236.0,235.17,100959800
2025-02-03,229.99,231.83,225.7,228.01,227.2,73063300
2025-02-04,227.25,233.13,226.65,232.8,231.98,45067300
2025-02-05,228.53,232.67,228.27,232.47,231.65,39620300
2025-02-06,231.29,233.8,230.43,233.22,232.4,29925300
2025-02-07,232.6,234.0,227.26,227.63,226.82,39707200
2025-02-10,229.57,230.59,227.2,227.65,227.09,33115600
2025-02-11,228.2,235.23,228.13,232.62,232.05,53718400
2025-02-12,231.2,236.96,230.68,236.87,236.29,45243300
2025-02-13,236.91,242.34,235.57,241.53,240.94,53614100
2025-02-14,241.25,245.55,240.99,244.6,244.0,40896200
2025-02-18,244.15,245.18,241.84,244.47,243.87,48822500
2025-02-19,244.66,246.01,243.16,244.87,244.27,32204200
2025-02-20,244.94,246.78,244.29,245.83,245.23,32316900
2025-02-21,245.95,248.69,245.22,245.55,244.95,53197400
2025-02-24,244.93,248.86,244.42,247.1,246.5,51326400
2025-02-25,248.0,250.0,244.91,247.04,246.44,48013300
2025-02-26,244.33,244.98,239.13,240.36,239.77,44433600
2025-02-27,239.41,242.46,237.06,237.3,236.72,41153600
2025-02-28,236.95,242.09,230.2,241.84,241.25,56833400
2025-03-03,241.79,244.03,236.11,238.03,237.45,47184000
2025-03-04,237.71,240.07,234.68,235.93,235.35,53798100
2025-03-05,235.42,236.55,229.23,235.74,235.16,47227600
2025-03-06,234.44,237.86,233.16,235.33,234.76,45170400
2025-03-07,235.11,241.37,234.76,239.07,238.49,46273600
2025-03-10,235.54,236.16,224.22,227.48,226.92,72071200
2025-03-11,223.81,225.84,217.45,220.84,220.3,76137400
2025-03-12,220.14,221.75,214.91,216.98,216.45,62547500
2025-03-13,215.95,216.84,208.42,209.68,209.17,61368300
2025-03-14,211.25,213.95,209.58,213.49,212.97,60107600
2025-03-17,213.31,215.22,209.97,214.0,213.48,48073400
2025-03-18,214.16,215.15,211.49,212.69,212.17,42432400
2025-03-19,214.22,218.76,213.75,215.24,214.71,54385400
2025-03-20,213.99,217.49,212.22,214.1,213.58,48862900
2025-03-21,211.56,218.84,211.28,218.27,217.74,94127800
2025-03-24,221.0,221.48,218.58,220.73,220.19,44299500
2025-03-25,220.77,224.1,220.08,223.75,223.2,34493600
2025-03-26,223.51,225.02,220.47,221.53,220.99,34466100
2025-03-27,221.39,224.99,220.56,223.85,223.3,37094800
2025-03-28,221.67,223.81,217.68,217.9,217.37,39818600
2025-03-31,217.01,225.62,216.23,222.13,221.59,65299300
2025-04-01,219.81,223.68,218.9,223.19,222.65,36412700
2025-04-02,221.32,225.19,221.02,223.89,223.34,35905900
2025-04-03,205.54,207.49,201.25,203.19,202.69,103419000
2025-04-04,193.89,199.88,187.34,188.38,187.92,125910900
2025-04-07,177.2,194.15,174.62,181.46,181.02,160466300
2025-04-08,186.7,190.34,169.21,172.42,172.0,120859500
2025-04-09,171.95,200.61,171.89,198.85,198.36,184395900
2025-04-10,189.07,194.78,183.0,190.42,189.96,121880000
2025-04-11,186.1,199.54,186.06,198.15,197.67,87435900
2025-04-14,211.44,212.94,201.16,202.52,202.03,101352900
2025-04-15,201.86,203.51,199.8,202.14,201.65,51343900
2025-04-16,198.36,200.7,192.37,194.27,193.8,59732400
2025-04-17,197.2,198.83,194.42,196.98,196.5,52164700
2025-04-21,193.27,193.8,189.81,193.16,192.69,46742500
2025-04-22,196.12,201.59,195.97,199.74,199.25,52976400
2025-04-23,206.0,208.0,202.8,204.6,204.1,52929200
2025-04-24,204.89,208.83,202.94,208.37,207.86,47311000
2025-04-25,206.37,209.75,206.2,209.28,208.77,38222300
2025-04-28,210.0,211.5,207.46,210.14,209.63,38743100
2025-04-29,208.69,212.24,208.37,211.21,210.69,36827600
2025-04-30,209.3,213.58,206.67,212.5,211.98,52286500
2025-05-01,209.08,214.56,208.9,213.32,212.8,57365700
2025-05-02,206.09,206.99,202.16,205.35,204.85,101010600
2025-05-05,203.1,204.1,198.21,198.89,198.4,69018500
2025-05-06,198.21,200.65,197.02,198.51,198.03,51216500
2025-05-07,199.17,199.44,193.25,196.25,195.77,68536700
2025-05-08,197.72,200.05,194.68,197.49,197.01,50478900
2025-05-09,199.0,200.54,197.54,198.53,198.05,36453900
2025-05-12,210.97,211.27,206.75,210.79,210.55,63775800
2025-05-13,210.43,213.4,209.0,212.93,212.69,51909300
2025-05-14,212.43,213.94,210.58,212.33,212.09,49325800
2025-05-15,210.95,212.96,209.54,211.45,211.21,45029500
2025-05-16,212.36,212.57,209.77,211.26,211.02,54737900
2025-05-19,207.91,209.48,204.26,208.78,208.54,46140500
2025-05-20,207.67,208.47,205.03,206.86,206.63,42496600
2025-05-21,205.17,207.04,200.71,202.09,201.86,59211800
2025-05-22,200.71,202.75,199.7,201.36,201.13,46742400
2025-05-23,193.67,197.7,193.46,195.27,195.05,78432900
2025-05-27,198.3,200.74,197.43,200.21,199.98,56288500
2025-05-28,200.59,202.73,199.9,200.42,200.19,45339700
2025-05-29,203.58,203.81,198.51,199.95,199.72,51396800
2025-05-30,199.37,201.96,196.78,200.85,200.62,70819900
2025-06-02,200.28,202.13,200.12,201.7,201.47,35423300
2025-06-03,201.35,203.77,200.96,203.27,203.04,46381600
2025-06-04,202.91,206.24,202.1,202.82,202.59,43604000
2025-06-05,203.5,204.75,200.15,200.63,200.4,55126100
2025-06-06,203.0,205.7,202.05,203.92,203.69,46607700
2025-06-09,204.39,206.0,200.02,201.45,201.22,72862600
2025-06-10,200.6,204.35,200.57,202.67,202.44,54672600
2025-06-11,203.5,204.5,198.41,198.78,198.55,60989900
2025-06-12,199.08,199.68,197.36,199.2,198.97,43904600
2025-06-13,199.73,200.37,195.7,196.45,196.23,51447300
2025-06-16,197.3,198.69,196.56,198.42,198.2,43020700
2025-06-17,197.2,198.39,195.21,195.64,195.42,38856200
2025-06-18,195.94,197.57,195.07,196.58,196.36,45394700
2025-06-20,198.24,201.7,196.86,201.0,200.77,96813500
2025-06-23,201.63,202.3,198.96,201.5,201.27,55814300
2025-06-24,202.59,203.44,200.2,200.3,200.07,54064000
2025-06-25,201.45,203.67,200.62,201.56,201.33,39525700
2025-06-26,201.43,202.64,199.46,201.0,200.77,50799100
2025-06-27,201.89,203.22,200.0,201.08,200.85,73188600
2025-06-30,202.01,207.39,199.26,205.17,204.94,91912800
2025-07-01,206.67,210.19,206.14,207.82,207.58,78788900
2025-07-02,208.91,213.34,208.14,212.44,212.2,67941800
2025-07-03,212.15,214.65,211.81,213.55,213.31,34955800
2025-07-07,212.68,216.23,208.8,209.95,209.71,50229000
2025-07-08,210.1,211.43,208.45,210.01,209.77,42848900
2025-07-09,209.53,211.33,207.22,211.14,210.9,48749400
2025-07-10,210.51,213.48,210.03,212.41,212.17,44443600
2025-07-11,210.57,212.13,209.86,211.16,210.92,39765800
2025-07-14,209.93,210.91,207.54,208.62,208.38,38840100
2025-07-15,209.22,211.89,208.92,209.11,208.87,42296300
2025-07-16,210.3,212.4,208.64,210.16,209.92,47490500
2025-07-17,210.57,211.8,209.59,210.02,209.78,48068100
2025-07-18,210.87,211.79,209.7,211.18,210.94,48974600
2025-07-21,212.1,215.78,211.63,212.48,212.24,51377400
2025-07-22,213.14,214.95,212.23,214.4,214.16,46404100
2025-07-23,215.0,215.15,212.41,214.15,213.91,46989300
2025-07-24,213.9,215.69,213.53,213.76,213.52,46022600
2025-07-25,214.7,215.24,213.4,213.88,213.64,40268800
2025-07-28,214.03,214.85,213.06,214.05,213.81,37858000
2025-07-29,214.18,214.81,210.82,211.27,211.03,51411700
2025-07-30,211.9,212.39,207.72,209.05,208.81,45512500
2025-07-31,208.49,209.84,207.16,207.57,207.33,80698400
2025-08-01,210.87,213.58,201.5,202.38,202.15,104434500
2025-08-04,204.51,207.88,201.68,203.35,203.12,75109300
2025-08-05,203.4,205.34,202.16,202.92,202.69,44155100
2025-08-06,205.63,215.38,205.59,213.25,213.01,108483100
2025-08-07,218.88,220.85,216.58,220.03,219.78,90224800
2025-08-08,220.83,231.0,219.25,229.35,229.09,113854000
2025-08-11,227.92,229.56,224.76,227.18,227.18,61806100
2025-08-12,228.01,230.8,227.07,229.65,229.65,55626200
2025-08-13,231.07,235.0,230.43,233.33,233.33,69878500
2025-08-14,234.06,235.12,230.85,232.78,232.78,51916300
2025-08-15,234.0,234.28,229.34,231.59,231.59,56038700
2025-08-18,231.7,233.12,230.11,230.89,230.89,37476200
2025-08-19,231.28,232.87,229.35,230.56,230.56,39402600
2025-08-20,229.98,230.47,225.77,226.01,226.01,42263900
2025-08-21,226.27,226.52,223.78,224.9,224.9,30621200
2025-08-22,226.17,229.09,225.41,227.76,227.76,42477800
2025-08-25,226.48,229.3,226.23,227.16,227.16,30983100
2025-08-26,226.87,229.49,224.69,229.31,229.31,54575100
2025-08-27,228.61,230.9,228.26,230.49,230.49,31259500
